time,open,high,low,close,volume,symbol
2020-01-06,3.28,3.48,3.28,3.31,3240,SGT
2020-01-07,3.31,3.44,3.31,3.44,14370,SGT
2020-01-08,3.44,3.44,3.35,3.43,690,SGT
2020-01-09,3.31,3.43,3.31,3.43,510,SGT
2020-01-10,3.26,3.42,3.26,3.42,240,SGT
2020-01-13,3.65,3.65,3.22,3.27,100070,SGT
2020-01-14,3.27,3.44,3.27,3.44,2020,SGT
2020-01-15,3.28,3.43,3.28,3.43,5140,SGT
2020-01-16,3.43,3.43,3.42,3.42,3670,SGT
2020-01-17,3.22,3.42,3.22,3.42,30,SGT
2020-01-20,3.24,3.31,3.24,3.31,6100,SGT
2020-01-21,3.51,3.51,3.31,3.38,420,SGT
2020-01-22,3.44,3.44,3.44,3.44,10,SGT
2020-01-30,3.31,3.5,3.3,3.5,30510,SGT
2020-01-31,3.63,3.63,3.48,3.48,230,SGT
2020-02-03,3.73,3.73,3.24,3.44,4410,SGT
2020-02-04,3.31,3.31,3.2,3.3,2700,SGT
2020-02-05,3.51,3.51,3.51,3.51,10,SGT
2020-02-06,3.71,3.71,3.71,3.71,10,SGT
2020-02-07,3.71,3.71,3.71,3.71,0,SGT
2020-02-10,3.71,3.71,3.71,3.71,0,SGT
2020-02-11,3.47,3.47,3.46,3.46,2600,SGT
2020-02-12,3.24,3.46,3.24,3.46,3310,SGT
2020-02-13,3.44,3.44,3.44,3.44,50,SGT
2020-02-14,3.44,3.44,3.2,3.44,4340,SGT
2020-02-17,3.44,3.44,3.31,3.4,13490,SGT
2020-02-18,3.31,3.4,3.17,3.4,7870,SGT
2020-02-19,3.57,3.57,3.57,3.57,10,SGT
2020-02-20,3.33,3.48,3.33,3.33,600,SGT
2020-02-21,3.31,3.35,3.31,3.31,7710,SGT
2020-02-24,3.31,3.31,3.3,3.3,810,SGT
2020-02-25,3.27,3.44,3.24,3.38,6930,SGT
2020-02-26,3.42,3.42,3.18,3.38,10810,SGT
2020-02-27,3.42,3.42,3.42,3.42,10,SGT
2020-02-28,3.24,3.43,3.19,3.43,5830,SGT
2020-03-02,3.66,3.66,3.2,3.2,6830,SGT
2020-03-03,3.14,3.41,3.13,3.41,6320,SGT
2020-03-04,3.44,3.44,3.44,3.44,10,SGT
2020-03-05,3.33,3.37,3.2,3.29,3000,SGT
2020-03-06,3.07,3.28,3.07,3.28,210,SGT
2020-03-09,3.38,3.38,3.06,3.06,750,SGT
2020-03-10,2.84,3.02,2.84,3.02,260,SGT
2020-03-11,3.02,3.02,2.82,3,340,SGT
2020-03-12,2.8,2.98,2.8,2.8,11120,SGT
2020-03-13,2.61,2.8,2.6,2.8,3620,SGT
2020-03-16,2.99,2.99,2.89,2.96,60,SGT
2020-03-17,2.96,2.96,2.8,2.81,6910,SGT
2020-03-18,3,3,2.76,3,70,SGT
2020-03-19,2.8,2.89,2.8,2.89,80,SGT
2020-03-20,2.89,2.89,2.89,2.89,10,SGT
2020-03-23,2.76,2.89,2.69,2.89,5550,SGT
2020-03-24,2.69,2.69,2.69,2.69,290,SGT
2020-03-25,2.88,2.88,2.51,2.76,436770,SGT
2020-03-26,2.75,2.75,2.57,2.73,340,SGT
2020-03-27,2.55,2.69,2.55,2.69,850,SGT
2020-03-30,2.5,2.64,2.5,2.5,10770,SGT
2020-03-31,2.34,2.66,2.34,2.34,3790,SGT
2020-04-01,2.5,2.5,2.35,2.35,3870,SGT
2020-04-03,2.51,2.51,2.5,2.51,1170,SGT
2020-04-06,2.55,2.55,2.51,2.51,4730,SGT
2020-04-07,2.53,2.54,2.51,2.51,520,SGT
2020-04-08,2.34,2.55,2.34,2.55,6780,SGT
2020-04-09,2.51,2.71,2.41,2.71,2390,SGT
2020-04-10,2.64,2.71,2.64,2.71,3440,SGT
2020-04-13,2.71,2.89,2.53,2.76,7040,SGT
2020-04-14,2.58,2.82,2.57,2.82,2030,SGT
2020-04-15,2.69,2.82,2.66,2.69,10390,SGT
2020-04-16,2.53,2.82,2.52,2.79,52390,SGT
2020-04-17,2.76,2.89,2.76,2.89,5910,SGT
2020-04-20,2.82,3.09,2.82,3.09,460880,SGT
2020-04-21,2.89,3.1,2.89,3.03,15020,SGT
2020-04-22,3.17,3.17,2.93,2.93,720,SGT
2020-04-23,3.03,3.03,2.89,2.89,2990,SGT
2020-04-24,2.7,2.89,2.7,2.89,4210,SGT
2020-04-27,3.03,3.03,2.89,2.89,880,SGT
2020-04-28,2.89,2.96,2.89,2.96,5220,SGT
2020-04-29,2.96,2.96,2.82,2.82,2200,SGT
2020-05-04,2.82,2.96,2.76,2.96,5700,SGT
2020-05-05,2.96,3.03,2.76,3.03,3510,SGT
2020-05-06,3.03,3.1,2.96,3.1,720,SGT
2020-05-07,2.89,3.09,2.89,2.89,6800,SGT
2020-05-08,2.89,3.03,2.76,2.76,4230,SGT
2020-05-11,2.95,2.95,2.78,2.95,3430,SGT
2020-05-12,2.89,3.03,2.76,2.76,6690,SGT
2020-05-13,2.76,2.96,2.76,2.89,9760,SGT
2020-05-14,2.89,3.02,2.89,3.02,10120,SGT
2020-05-15,3.2,3.22,2.86,3.13,6840,SGT
2020-05-18,2.92,3.13,2.92,3.13,800,SGT
2020-05-19,3.13,3.15,2.92,3.15,1650,SGT
2020-05-20,3.15,3.15,2.94,2.94,250,SGT
2020-05-21,3.06,3.06,2.89,2.89,390,SGT
2020-05-22,2.89,3.09,2.89,3.08,320,SGT
2020-05-25,3.08,3.08,3.07,3.08,1190,SGT
2020-05-26,3.03,3.03,2.9,2.9,3230,SGT
2020-05-27,3.03,3.03,2.83,2.83,340,SGT
2020-05-28,2.96,2.96,2.96,2.96,280,SGT
2020-05-29,2.96,2.96,2.82,2.86,2280,SGT
2020-06-01,2.96,3.06,2.96,3.06,34160,SGT
2020-06-02,3.13,3.13,2.9,3.1,4280,SGT
2020-06-03,3.1,3.1,2.93,2.93,2800,SGT
2020-06-04,3,3.13,3,3.13,5500,SGT
2020-06-05,3.33,3.34,3.33,3.34,19800,SGT
2020-06-08,3.57,3.57,3.57,3.57,14980,SGT
2020-06-09,3.82,3.82,3.62,3.82,9240,SGT
2020-06-10,4.08,4.08,4.08,4.08,3160,SGT
2020-06-11,4.36,4.36,4.36,4.36,16500,SGT
2020-06-12,4.36,4.61,4.06,4.36,65340,SGT
2020-06-15,4.36,4.66,4.36,4.66,45040,SGT
2020-06-16,4.66,4.82,4.66,4.68,4780,SGT
2020-06-17,4.68,4.68,4.48,4.59,110,SGT
2020-06-18,4.28,4.54,4.28,4.28,54530,SGT
2020-06-19,3.98,4.06,3.98,4.06,7340,SGT
2020-06-22,4.13,4.13,4.06,4.13,2160,SGT
2020-06-23,4.2,4.27,4.2,4.27,3100,SGT
2020-06-24,4.13,4.13,3.98,3.98,48680,SGT
2020-06-25,3.72,3.98,3.72,3.98,1010,SGT
2020-06-26,3.73,3.98,3.73,3.98,19260,SGT
2020-06-29,3.98,4.25,3.7,3.7,3260,SGT
2020-06-30,3.96,3.96,3.45,3.94,2850,SGT
2020-07-01,3.93,4.2,3.93,4.2,1190,SGT
2020-07-02,4.13,4.13,3.91,3.91,1120,SGT
2020-07-03,4.12,4.12,3.69,3.69,30,SGT
2020-07-06,3.69,3.94,3.58,3.93,250,SGT
2020-07-07,3.66,4.13,3.66,3.68,1320,SGT
2020-07-08,3.68,3.68,3.68,3.68,0,SGT
2020-07-09,3.68,3.68,3.68,3.68,50,SGT
2020-07-10,3.93,3.93,3.68,3.68,6530,SGT
2020-07-13,3.46,3.46,3.46,3.46,10,SGT
2020-07-14,3.7,3.7,3.7,3.7,50,SGT
2020-07-15,3.95,3.95,3.82,3.82,44790,SGT
2020-07-16,3.82,4.06,3.72,4.06,2920,SGT
2020-07-17,4.06,4.06,3.8,3.8,1400,SGT
2020-07-20,3.79,4.03,3.79,4.03,230,SGT
2020-07-21,3.99,3.99,3.99,3.99,5000,SGT
2020-07-22,3.99,3.99,3.99,3.99,0,SGT
2020-07-23,3.99,3.99,3.99,3.99,0,SGT
2020-07-24,3.73,3.99,3.72,3.99,30650,SGT
2020-07-27,3.96,3.96,3.72,3.95,33720,SGT
2020-07-28,3.95,3.95,3.95,3.95,0,SGT
2020-07-29,3.68,3.68,3.68,3.68,2450,SGT
2020-07-30,3.68,3.68,3.68,3.68,0,SGT
2020-07-31,3.44,3.68,3.43,3.68,660,SGT
2020-08-03,3.68,3.68,3.68,3.68,0,SGT
2020-08-04,3.68,3.68,3.68,3.68,30,SGT
2020-08-05,3.44,3.44,3.42,3.42,70,SGT
2020-08-06,3.64,3.64,3.64,3.64,10,SGT
2020-08-07,3.39,3.88,3.39,3.88,1010,SGT
2020-08-10,3.88,3.88,3.62,3.88,1620,SGT
2020-08-11,3.79,3.79,3.79,3.79,6260,SGT
2020-08-12,3.66,3.79,3.53,3.79,1590,SGT
2020-08-13,4.04,4.04,3.78,4.04,2000,SGT
2020-08-14,4.04,4.04,3.76,3.95,7010,SGT
2020-08-17,3.67,3.67,3.67,3.67,300,SGT
2020-08-18,3.65,3.65,3.43,3.43,420,SGT
2020-08-19,3.24,3.24,3.24,3.24,210,SGT
2020-08-20,3.31,3.31,3.31,3.31,10,SGT
2020-08-21,3.31,3.51,3.31,3.51,210,SGT
2020-08-24,3.51,3.65,3.44,3.65,1440,SGT
2020-08-25,3.64,3.65,3.64,3.65,20300,SGT
2020-08-26,3.65,3.79,3.65,3.79,10230,SGT
2020-08-27,3.79,3.79,3.79,3.79,160,SGT
2020-08-28,3.53,3.53,3.53,3.53,10,SGT
2020-08-31,3.38,3.77,3.38,3.77,250,SGT
2020-09-01,3.79,3.99,3.53,3.99,1980,SGT
2020-09-03,3.99,3.99,3.99,3.99,3460,SGT
2020-09-04,3.72,3.72,3.72,3.72,1250,SGT
2020-09-07,3.72,3.72,3.72,3.72,2000,SGT
2020-09-08,3.58,3.58,3.55,3.55,4000,SGT
2020-09-09,3.79,3.79,3.79,3.79,10,SGT
2020-09-10,3.79,3.79,3.79,3.79,11080,SGT
2020-09-11,3.71,3.79,3.58,3.79,29900,SGT
2020-09-14,3.79,4.05,3.55,3.58,41120,SGT
2020-09-15,3.59,3.83,3.58,3.83,9510,SGT
2020-09-16,3.65,4.06,3.65,4.06,540,SGT
2020-09-17,4.05,4.06,4.05,4.06,1020,SGT
2020-09-18,4.03,4.03,3.77,3.93,7560,SGT
2020-09-21,3.66,3.66,3.66,3.66,20,SGT
2020-09-22,3.66,3.91,3.59,3.59,550,SGT
2020-09-23,3.6,3.84,3.6,3.84,110,SGT
2020-09-24,3.72,3.72,3.72,3.72,500,SGT
2020-09-25,3.65,3.86,3.65,3.86,60,SGT
2020-09-28,3.61,3.84,3.6,3.84,2060,SGT
2020-09-29,3.58,3.82,3.58,3.82,10160,SGT
2020-09-30,3.82,3.82,3.82,3.82,80,SGT
2020-10-01,3.57,3.59,3.57,3.59,5320,SGT
2020-10-02,3.58,3.72,3.58,3.69,1360,SGT
2020-10-05,3.47,3.69,3.47,3.69,6160,SGT
2020-10-06,3.69,3.79,3.58,3.79,12020,SGT
2020-10-07,3.79,3.86,3.72,3.86,1620,SGT
2020-10-08,3.85,3.85,3.65,3.65,4890,SGT
2020-10-09,3.9,3.9,3.66,3.84,710,SGT
2020-10-12,3.65,3.9,3.65,3.9,3020,SGT
2020-10-13,3.68,3.87,3.68,3.87,4340,SGT
2020-10-14,3.87,3.87,3.87,3.87,0,SGT
2020-10-15,3.87,3.87,3.87,3.87,0,SGT
2020-10-16,3.84,3.84,3.72,3.72,50,SGT
2020-10-19,3.85,3.85,3.77,3.77,368360,SGT
2020-10-20,3.79,4.03,3.79,4.03,6880,SGT
2020-10-21,4.3,4.3,4.13,4.3,37370,SGT
2020-10-22,4.6,4.6,4.34,4.35,4900,SGT
2020-10-23,4.04,4.48,4.04,4.04,11420,SGT
2020-10-26,4.04,4.04,3.76,3.76,2280,SGT
2020-10-27,3.76,3.76,3.58,3.75,9420,SGT
2020-10-28,3.5,3.75,3.5,3.75,8590,SGT
2020-10-29,3.51,3.75,3.51,3.75,1000,SGT
2020-10-30,3.74,3.74,3.51,3.73,600,SGT
2020-11-02,3.76,3.76,3.72,3.72,30,SGT
2020-11-03,3.7,3.79,3.66,3.79,3070,SGT
2020-11-04,3.65,3.89,3.65,3.89,17810,SGT
2020-11-05,3.99,3.99,3.99,3.99,10,SGT
2020-11-06,3.99,4.02,3.99,3.99,9190,SGT
2020-11-09,3.72,4.01,3.72,4.01,210,SGT
2020-11-10,3.74,4.02,3.74,4.02,1670,SGT
2020-11-11,4.02,4.02,4.01,4.01,120,SGT
2020-11-12,4.06,4.06,4.06,4.06,10,SGT
2020-11-13,3.78,4.05,3.78,4.05,180,SGT
2020-11-16,4.05,4.05,4.05,4.05,0,SGT
2020-11-17,4.03,4.12,4.03,4.12,130,SGT
2020-11-18,3.84,3.84,3.84,3.84,230,SGT
2020-11-19,3.86,3.86,3.58,3.86,16250,SGT
2020-11-20,4.06,4.06,3.6,4.06,1350,SGT
2020-11-23,4.05,4.05,4.05,4.05,110,SGT
2020-11-24,4.05,4.05,4.05,4.05,0,SGT
2020-11-25,3.99,3.99,3.98,3.99,2000,SGT
2020-11-26,3.72,3.91,3.71,3.91,7090,SGT
2020-11-27,3.93,3.96,3.89,3.96,10010,SGT
2020-11-30,3.96,3.96,3.96,3.96,0,SGT
2020-12-01,3.72,3.73,3.72,3.72,4120,SGT
2020-12-02,3.93,3.93,3.89,3.89,40,SGT
2020-12-03,3.86,3.86,3.86,3.86,1140,SGT
2020-12-04,3.85,3.92,3.73,3.73,16580,SGT
2020-12-07,3.75,3.84,3.51,3.84,5230,SGT
2020-12-08,3.88,3.88,3.68,3.86,15850,SGT
2020-12-09,3.86,3.86,3.86,3.86,0,SGT
2020-12-10,3.89,3.91,3.72,3.88,3540,SGT
2020-12-11,3.88,3.88,3.7,3.71,2430,SGT
2020-12-14,3.68,3.89,3.68,3.75,9020,SGT
2020-12-15,3.79,3.89,3.79,3.82,7230,SGT
2020-12-16,3.93,3.93,3.82,3.82,630,SGT
2020-12-17,3.83,3.93,3.83,3.86,19710,SGT
2020-12-18,3.86,3.92,3.86,3.86,2010,SGT
2020-12-21,3.89,4.12,3.86,4.12,27720,SGT
2020-12-22,4.03,4.4,4.03,4.37,4670,SGT
2020-12-23,4.68,4.68,4.67,4.67,18280,SGT
2020-12-24,4.48,4.54,4.35,4.54,2700,SGT
2020-12-25,4.27,4.54,4.27,4.54,1760,SGT
2020-12-28,4.54,4.86,4.54,4.86,12830,SGT
2020-12-29,4.86,5.16,4.86,4.86,7790,SGT
2020-12-30,4.86,5.2,4.86,4.86,12350,SGT
2020-12-31,4.79,4.83,4.53,4.53,26060,SGT
2021-01-04,4.81,4.84,4.81,4.84,7200,SGT
2021-01-05,5.17,5.17,5.16,5.17,63700,SGT
2021-01-06,5.27,5.53,5.27,5.53,59100,SGT
2021-01-07,5.92,5.92,5.51,5.91,46600,SGT
2021-01-08,5.91,5.92,5.85,5.91,14200,SGT
2021-01-11,5.91,5.91,5.54,5.85,27100,SGT
2021-01-12,5.51,5.78,5.51,5.78,24900,SGT
2021-01-13,5.85,6.18,5.85,6.18,144300,SGT
2021-01-14,6.61,6.61,6.61,6.61,217800,SGT
2021-01-15,7.06,7.06,7.06,7.06,66000,SGT
2021-01-18,7.51,7.54,7.51,7.54,26000,SGT
2021-01-19,8.06,8.06,7.58,7.92,230400,SGT
2021-01-20,8.47,8.47,8.47,8.47,99700,SGT
2021-01-21,9.06,9.06,9.06,9.06,18600,SGT
2021-01-22,9.68,9.68,9.68,9.68,15100,SGT
2021-01-25,10.33,10.33,10.33,10.33,65200,SGT
2021-01-26,11.02,11.05,10.43,11.05,357500,SGT
2021-01-27,11.81,11.81,11.78,11.81,289400,SGT
2021-01-28,12.64,12.64,11.81,12.64,178900,SGT
2021-01-29,13.43,13.43,11.78,11.78,110200,SGT
2021-02-01,10.98,10.98,10.98,10.98,10900,SGT
2021-02-02,10.23,10.23,10.23,10.23,8100,SGT
2021-02-03,9.54,10.92,9.54,10.92,321800,SGT
2021-02-04,10.92,11.02,10.16,10.16,102800,SGT
2021-02-05,9.57,10.16,9.47,9.85,34000,SGT
2021-02-08,9.68,9.68,9.16,9.16,77600,SGT
2021-02-09,8.82,9.16,8.54,9.16,86500,SGT
2021-02-17,9.16,9.78,8.61,9.78,74000,SGT
2021-02-18,10.3,10.33,9.99,10.33,107400,SGT
2021-02-19,10.33,11.05,10.26,10.57,167600,SGT
2021-02-22,11.26,11.3,11.02,11.3,171100,SGT
2021-02-23,12.02,12.02,11.36,11.64,227900,SGT
2021-02-24,11.64,11.92,11.16,11.23,90000,SGT
2021-02-25,11.78,11.78,11.09,11.23,44100,SGT
2021-02-26,10.74,11.43,10.68,11.16,154100,SGT
2021-03-01,11.23,11.3,10.68,10.74,158800,SGT
2021-03-02,10.81,11.36,10.81,10.95,144700,SGT
2021-03-03,10.95,11.36,10.33,10.54,144000,SGT
2021-03-04,10.95,11.23,10.61,10.68,140900,SGT
2021-03-05,10.88,10.88,10.61,10.61,20900,SGT
2021-03-08,10.88,11.16,10.61,10.74,62100,SGT
2021-03-09,10.74,11.02,10.61,10.74,129000,SGT
2021-03-10,10.74,11.16,10.74,11.02,30000,SGT
2021-03-11,11.71,11.71,11.36,11.36,46000,SGT
2021-03-12,11.02,11.36,10.68,10.68,50600,SGT
2021-03-15,11.02,11.16,10.81,10.81,44000,SGT
2021-03-16,11.26,11.26,10.68,10.74,157700,SGT
2021-03-17,10.74,11.09,10.74,11.09,17900,SGT
2021-03-18,11.23,11.23,11.09,11.09,11700,SGT
2021-03-19,11.09,11.09,10.71,11.02,25800,SGT
2021-03-22,10.81,11.02,10.68,10.68,18000,SGT
2021-03-23,10.85,11.23,10.78,10.85,23600,SGT
2021-03-24,10.68,10.85,10.61,10.85,30000,SGT
2021-03-25,10.88,11.36,10.81,11.36,136900,SGT
2021-03-26,11.36,12.05,11.05,11.36,124500,SGT
2021-03-29,11.36,12.05,11.36,11.78,148800,SGT
2021-03-30,12.02,12.02,11.16,11.64,74900,SGT
2021-03-31,11.09,11.71,10.95,10.95,53100,SGT
2021-04-01,10.95,11.02,10.68,11.02,108700,SGT
2021-04-02,10.68,10.95,10.68,10.68,28100,SGT
2021-04-05,10.74,10.74,10.68,10.71,27900,SGT
2021-04-06,10.71,10.78,10.64,10.68,15300,SGT
2021-04-07,10.68,10.95,10.61,10.95,31500,SGT
2021-04-08,10.95,11.23,10.88,10.88,34100,SGT
2021-04-09,10.68,11.12,10.68,10.88,12900,SGT
2021-04-12,11.64,11.64,11.19,11.64,168500,SGT
2021-04-13,12.43,12.43,11.64,12.4,181400,SGT
2021-04-14,12.4,12.74,12.4,12.67,52100,SGT
2021-04-15,12.67,13.08,12.12,12.53,51300,SGT
2021-04-16,11.92,11.98,11.67,11.67,86000,SGT
2021-04-19,11.64,11.67,11.02,11.67,31600,SGT
2021-04-20,11.26,11.71,11.23,11.71,9500,SGT
2021-04-22,11.23,11.3,10.92,10.92,66100,SGT
2021-04-23,10.92,11.33,10.68,11.33,31900,SGT
2021-04-26,11.02,11.05,10.78,10.81,25500,SGT
2021-04-27,10.88,10.92,10.68,10.81,161500,SGT
2021-04-28,10.68,10.81,10.68,10.71,171800,SGT
2021-04-29,10.71,10.95,10.71,10.95,6700,SGT
2021-05-04,10.36,10.81,10.36,10.81,161100,SGT
2021-05-05,10.81,10.95,10.74,10.95,142600,SGT
2021-05-06,10.92,10.92,10.19,10.19,165200,SGT
2021-05-07,9.57,10.81,9.57,10.68,101100,SGT
2021-05-10,10.54,10.68,10.33,10.68,227500,SGT
2021-05-11,10.68,10.68,10.33,10.68,229500,SGT
2021-05-12,10.06,11.02,10.06,11.02,332900,SGT
2021-05-13,10.92,11.16,10.74,11.02,170600,SGT
2021-05-14,11.36,11.36,11.02,11.33,266900,SGT
2021-05-17,11.36,11.64,11.02,11.64,140900,SGT
2021-05-18,11.33,12.26,11.33,12.26,187200,SGT
2021-05-19,12.26,12.4,11.98,12.4,143600,SGT
2021-05-20,12.4,12.4,11.71,11.71,104100,SGT
2021-05-21,11.02,11.02,11.02,11.02,41700,SGT
2021-05-24,11.02,11.78,11.02,11.78,163600,SGT
2021-05-25,11.57,11.98,11.57,11.64,93600,SGT
2021-05-26,11.64,12.05,11.64,11.98,150700,SGT
2021-05-27,11.3,11.98,11.3,11.78,117300,SGT
2021-05-28,11.92,11.92,11.43,11.43,91900,SGT
2021-05-31,11.5,11.64,11.43,11.64,97100,SGT
2021-06-01,10.92,11.57,10.92,11.57,87600,SGT
2021-06-02,11.71,11.85,11.54,11.71,108900,SGT
2021-06-03,10.95,11.85,10.95,11.78,100200,SGT
2021-06-04,11.43,12.46,11.43,12.4,385300,SGT
2021-06-07,12.67,12.67,12.19,12.4,199000,SGT
2021-06-08,12.26,12.53,12.05,12.33,68300,SGT
2021-06-09,11.98,12.26,11.74,12.26,96000,SGT
2021-06-10,11.85,13.08,11.85,13.08,1212500,SGT
2021-06-11,13.95,13.98,13.5,13.98,912500,SGT
2021-06-14,14.88,14.94,13.43,13.43,702300,SGT
2021-06-15,12.53,14.12,12.5,13.77,942100,SGT
2021-06-16,13.77,13.84,13.43,13.84,255700,SGT
2021-06-17,12.88,13.88,12.88,13.84,801500,SGT
2021-06-18,13.77,13.77,13.15,13.67,189200,SGT
2021-06-21,13.67,13.67,13.08,13.43,265200,SGT
2021-06-22,12.95,13.36,12.95,13.29,331300,SGT
2021-06-23,13.08,13.08,12.53,12.53,151100,SGT
2021-06-24,12.53,13.22,12.5,13.22,1240600,SGT
2021-06-25,13.43,13.43,12.95,13.08,101900,SGT
2021-06-28,13.08,13.08,12.33,12.95,185900,SGT
2021-06-29,12.95,13.84,12.05,13.84,1509600,SGT
2021-06-30,13.91,14.19,12.95,14.02,381200,SGT
2021-07-01,14.02,14.19,13.77,14.15,372500,SGT
2021-07-02,14.02,14.39,13.77,14.36,447400,SGT
2021-07-05,14.39,15.01,14.32,15.01,529700,SGT
2021-07-06,15.01,16.05,14.81,16.05,653600,SGT
2021-07-07,15.56,16.87,15.56,16.8,817600,SGT
2021-07-08,16.77,16.84,16.25,16.6,443400,SGT
2021-07-09,15.84,16.53,15.84,15.91,493000,SGT
2021-07-12,15.15,15.84,14.81,14.81,142400,SGT
2021-07-13,14.12,15.43,14.12,15.43,943200,SGT
2021-07-14,15.15,15.84,15.15,15.56,208100,SGT
2021-07-15,15.56,16.18,14.81,15.91,462400,SGT
2021-07-16,15.63,16.22,15.63,15.77,243700,SGT
2021-07-19,15.15,15.15,14.67,14.67,57700,SGT
2021-07-20,14.6,14.6,13.67,14.32,127300,SGT
2021-07-21,14.46,14.46,13.33,13.33,89400,SGT
2021-07-22,13.33,13.74,12.5,12.53,119600,SGT
2021-07-23,12.4,13.08,11.71,12.53,1028900,SGT
2021-07-26,12.53,12.98,12.12,12.6,127700,SGT
2021-07-27,12.64,13.02,12.46,12.84,59800,SGT
2021-07-28,12.53,12.78,12.4,12.67,164200,SGT
2021-07-29,12.53,12.78,12.36,12.4,176100,SGT
2021-07-30,12.29,12.57,11.54,12.46,457500,SGT
2021-08-02,11.81,12.74,11.81,12.43,751800,SGT
2021-08-03,12.57,12.6,11.81,12.19,324200,SGT
2021-08-04,12.4,12.4,12.05,12.22,143200,SGT
2021-08-05,12.33,12.33,11.71,11.71,201600,SGT
2021-08-06,12.05,12.19,11.74,12.09,190800,SGT
2021-08-09,12.09,12.91,12.09,12.91,145600,SGT
2021-08-10,13.77,13.77,13.22,13.43,368400,SGT
2021-08-11,13.43,13.43,12.74,12.95,125900,SGT
2021-08-12,12.95,13.77,12.6,13.26,162600,SGT
2021-08-13,13.26,13.26,12.74,12.98,75800,SGT
2021-08-16,12.98,13.4,12.57,13.4,148100,SGT
2021-08-17,13.15,14.32,13.15,14.32,1294200,SGT
2021-08-18,14.46,15.12,14.46,15.12,896900,SGT
2021-08-19,15.15,15.36,14.94,15.19,1052400,SGT
2021-08-20,15.22,15.29,14.15,14.46,1139700,SGT
2021-08-23,14.15,14.19,13.53,13.57,690500,SGT
2021-08-24,12.81,13.5,12.81,13.22,183500,SGT
2021-08-25,12.81,13.22,12.71,13.22,198200,SGT
2021-08-26,13.64,13.64,12.98,13.08,131500,SGT
2021-08-27,12.74,13.29,12.67,13.15,152100,SGT
2021-08-30,13.22,14.05,13.22,14.05,173400,SGT
2021-08-31,14.12,14.88,14.12,14.6,279100,SGT
2021-09-01,14.6,14.67,14.26,14.46,207700,SGT
2021-09-06,15.01,15.08,14.46,14.91,245600,SGT
2021-09-07,14.88,14.91,13.91,14.57,194000,SGT
2021-09-08,13.64,15.56,13.64,15.56,2071200,SGT
2021-09-09,16.63,16.63,16.53,16.63,223100,SGT
2021-09-10,17.77,17.77,16.18,16.87,428900,SGT
2021-09-13,16.18,16.56,15.84,16.39,238700,SGT
2021-09-14,16.39,17.53,15.98,17.53,336100,SGT
2021-09-15,17.49,18.73,17.49,18.73,1286600,SGT
2021-09-16,18.87,19.97,18.8,18.94,861300,SGT
2021-09-17,19.97,19.97,18.6,18.6,386800,SGT
2021-09-20,18.25,18.94,17.91,18.42,271800,SGT
2021-09-21,18.39,19.01,17.6,18.77,367000,SGT
2021-09-22,18.87,19.49,18.25,19.42,584600,SGT
2021-09-23,20.76,20.76,20.76,20.76,123400,SGT
2021-09-24,22.21,22.21,20.76,21.97,844300,SGT
2021-09-27,22.38,22.38,20.45,20.8,226500,SGT
2021-09-28,20.18,21.9,20.04,21.69,241700,SGT
2021-09-29,21.14,21.76,20.73,21.59,303400,SGT
2021-09-30,21.59,21.83,20.66,20.66,234100,SGT
2021-10-01,20.73,21.21,20.04,20.73,117700,SGT
2021-10-04,20.66,21.04,19.63,20.8,299800,SGT
2021-10-05,20.8,21.69,20.8,21.35,329300,SGT
2021-10-06,21.56,21.69,21.35,21.42,159700,SGT
2021-10-07,21.35,21.9,21.07,21.62,282000,SGT
2021-10-08,21.62,21.97,21.56,21.56,243500,SGT
2021-10-11,21.56,22.38,21.56,22.04,226300,SGT
2021-10-12,22.04,22.31,21.49,21.87,318300,SGT
2021-10-13,20.8,21.83,20.8,21.42,344200,SGT
2021-10-14,21.42,21.69,21.07,21.35,88400,SGT
2021-10-15,21.21,21.49,21.07,21.11,131000,SGT
2021-10-18,21.73,21.73,20.87,21.04,115100,SGT
2021-10-19,21.04,21.21,20.66,21.14,55000,SGT
2021-10-20,21.69,21.69,20.87,21.28,98100,SGT
2021-10-21,20.66,21.28,20.66,20.87,86200,SGT
2021-10-22,21.25,21.35,20.73,20.87,130000,SGT
2021-10-25,20.32,20.87,20.32,20.66,163400,SGT
2021-10-26,20.01,20.66,20.01,20.59,38000,SGT
2021-10-27,20.11,21.35,20.11,21.28,223300,SGT
2021-10-28,21.32,22.04,21.32,21.9,383600,SGT
2021-10-29,21.76,23.42,21.76,23.42,894700,SGT
2021-11-01,24.1,24.79,23.55,23.55,514200,SGT
2021-11-02,23.55,24.66,23.55,23.97,277000,SGT
2021-11-03,23.97,24.66,22.31,22.31,592400,SGT
2021-11-04,21.38,22.31,21.35,21.76,196300,SGT
2021-11-05,21.69,22.66,21.35,22.31,219700,SGT
2021-11-08,22.24,22.59,21.9,22.31,193100,SGT
2021-11-09,21.76,22.8,21.76,22.31,82500,SGT
2021-11-10,22.31,22.31,21.9,22.18,108400,SGT
2021-11-11,22.04,23.73,22.04,23.07,265700,SGT
2021-11-12,23.24,23.24,22.18,22.73,133100,SGT
2021-11-15,22.76,23.07,22.18,22.35,168100,SGT
2021-11-16,22.04,22.35,21.56,21.87,148000,SGT
2021-11-17,21.49,22.07,21.35,21.62,99200,SGT
2021-11-18,21.97,21.97,21.04,21.07,240500,SGT
2021-11-19,21.04,21.04,20.32,20.32,182100,SGT
2021-11-22,20.32,20.35,18.9,18.9,345200,SGT
2021-11-23,17.63,20.21,17.63,20.21,86100,SGT
2021-11-24,20.21,21.62,20.21,21.62,277100,SGT
2021-11-25,22.38,22.38,21.69,21.76,128100,SGT
2021-11-26,21.49,21.76,20.66,20.94,90100,SGT
2021-11-29,19.97,20.66,19.49,20.42,109100,SGT
2021-11-30,20.49,21.69,20.39,20.66,93800,SGT
2021-12-01,20.63,20.63,19.97,20.11,90400,SGT
2021-12-02,20.32,20.32,19.97,20.08,54900,SGT
2021-12-03,19.66,20.25,19.28,19.28,96100,SGT
2021-12-06,19.25,19.66,18.8,18.87,78900,SGT
2021-12-07,18.87,19.18,18.8,19.08,44300,SGT
2021-12-08,19.15,20.35,19.01,19.56,77600,SGT
2021-12-09,19.56,19.84,19.56,19.84,44200,SGT
2021-12-10,20.11,20.11,19.56,19.87,34300,SGT
2021-12-13,19.87,21.25,19.87,21.25,176100,SGT
2021-12-14,22.11,22.18,20.45,21.21,108100,SGT
2021-12-15,21.21,21.21,20.45,20.52,62500,SGT
2021-12-16,20.52,20.66,20.11,20.66,80700,SGT
2021-12-17,20.04,20.66,19.49,20.66,192500,SGT
2021-12-20,22.11,22.11,21.76,22.11,444400,SGT
2021-12-21,23.55,23.62,23.07,23.62,603600,SGT
2021-12-22,25.28,25.28,25.07,25.28,980900,SGT
2021-12-23,27,27,25.14,26.1,607700,SGT
2021-12-24,25.34,25.48,24.28,24.28,589500,SGT
2021-12-27,23.59,24.79,23.07,23.76,557900,SGT
2021-12-28,23.76,24.79,23.18,23.35,637000,SGT
2021-12-29,23.35,23.55,22.38,22.66,328900,SGT
2021-12-30,22.24,23.28,22.24,22.62,256900,SGT
2021-12-31,22.62,24.17,22.45,24.1,367800,SGT
2021-12-31,22.62,24.17,22.45,24.1,367800,SGT
2022-01-04,25.14,25.14,23.9,24.66,229600,SGT
2022-01-05,24.1,24.59,23.9,24.24,333900,SGT
2022-01-06,23.9,24.79,23.42,24.79,543000,SGT
2022-01-07,24.79,24.86,24.17,24.31,282400,SGT
2022-01-10,24.79,26,24.04,25.28,926500,SGT
2022-01-11,25.24,25.48,24.17,24.45,234900,SGT
2022-01-12,23.97,24.45,23.21,24.04,342500,SGT
2022-01-13,24.04,24.17,22.45,22.56,448000,SGT
2022-01-14,22.45,24.1,21.69,23.55,401500,SGT
2022-01-17,24.59,24.59,21.94,21.94,212100,SGT
2022-01-18,21.94,23.28,20.42,20.42,235200,SGT
2022-01-19,20.42,21.35,20.42,20.76,164500,SGT
2022-01-20,21.28,22.21,21.28,21.69,177700,SGT
2022-01-21,22.59,22.59,21.35,21.9,70300,SGT
2022-01-24,21.94,21.97,20.39,20.39,97100,SGT
2022-01-25,20.39,20.66,19.77,20.59,112600,SGT
2022-01-26,20.56,20.73,19.22,19.22,147900,SGT
2022-01-27,19.28,19.28,18.6,18.66,94000,SGT
2022-01-28,18.66,19.28,18.66,19.28,80700,SGT
2022-02-07,18.6,20.32,18.6,20.11,54200,SGT
2022-02-08,20.28,20.59,19.7,20.52,57500,SGT
2022-02-09,20.32,20.66,19.11,20.45,60900,SGT
2022-02-10,20.59,21.35,19.97,20.97,146100,SGT
2022-02-11,21.35,21.35,20.52,20.76,80900,SGT
2022-02-14,20.01,20.66,20.01,20.18,155100,SGT
2022-02-15,19.77,20.45,19.77,20.28,133900,SGT
2022-02-16,20.18,21.21,20.18,21,198000,SGT
2022-02-17,21.04,21.04,20.35,20.76,130900,SGT
2022-02-18,20.39,20.87,20.39,20.83,121600,SGT
2022-02-21,20.9,22.04,20.9,21.94,239600,SGT
2022-02-22,21.35,22.38,20.87,21.35,212200,SGT
2022-02-23,21.42,21.97,21.35,21.35,123100,SGT
2022-02-24,21.35,21.49,20.11,20.66,199400,SGT
2022-02-25,21.69,21.69,20.35,20.73,229100,SGT
2022-02-28,22.04,22.04,21.18,21.49,215800,SGT
2022-03-01,21.21,21.9,21.21,21.35,103500,SGT
2022-03-02,21.42,21.83,21.28,21.28,255500,SGT
2022-03-03,21.35,21.35,20.9,21.04,211700,SGT
2022-03-04,21.07,21.49,21.04,21.14,170000,SGT
2022-03-07,21.14,21.14,20.66,20.73,265100,SGT
2022-03-08,20.73,20.8,20.25,20.42,118000,SGT
2022-03-09,20.94,20.94,20.18,20.39,106300,SGT
2022-03-10,20.8,20.8,20.18,20.45,55500,SGT
2022-03-11,20.66,20.66,20.08,20.11,104100,SGT
2022-03-14,20.11,20.45,19.73,20.04,216000,SGT
2022-03-15,20.04,20.52,19.97,20.11,155600,SGT
2022-03-16,20.11,20.8,19.97,20.76,175400,SGT
2022-03-17,20.66,21.14,20.66,20.9,139200,SGT
2022-03-18,20.9,21.69,20.9,21.07,191200,SGT
2022-03-21,21.14,21.28,20.87,21,196900,SGT
2022-03-22,21.28,21.35,21.07,21.11,165700,SGT
2022-03-23,21.07,21.11,20.66,20.8,259500,SGT
2022-03-24,20.8,20.87,20.7,20.7,103200,SGT
2022-03-25,20.73,22.14,20.73,22.14,447000,SGT
2022-03-28,22.93,23.21,22.14,22.9,656200,SGT
2022-03-29,23.28,23.76,22.93,23.07,425000,SGT
2022-03-30,22.97,23.76,22.93,23.28,388500,SGT
2022-03-31,23.35,23.42,23,23.21,233100,SGT
2022-04-01,22.86,23.38,22.86,23.14,375300,SGT
2022-04-04,23.07,23.38,22.93,23.28,172700,SGT
2022-04-05,22.97,24.79,22.97,24.76,642300,SGT
2022-04-06,24.24,25.07,23.76,24.1,213800,SGT
2022-04-07,24.41,24.41,23.76,23.76,155800,SGT
2022-04-08,23.42,23.69,22.11,22.11,540200,SGT
2022-04-12,22.18,22.49,21,21.97,201200,SGT
2022-04-13,21.14,22.38,21.14,22.38,144100,SGT
2022-04-14,22.66,22.66,21.35,21.76,91600,SGT
2022-04-15,21.42,22.38,21.42,22,130500,SGT
2022-04-18,21.59,21.59,21,21.35,299900,SGT
2022-04-19,21.28,22.31,21.28,21.35,94900,SGT
2022-04-20,21.49,21.76,20.8,20.8,105300,SGT
2022-04-21,19.35,20.35,19.35,19.7,210600,SGT
2022-04-22,19.8,20.32,18.32,19.28,177800,SGT
2022-04-25,19.28,19.97,17.94,18.6,122000,SGT
2022-04-26,18.8,19.63,17.91,19.63,73500,SGT
2022-04-27,18.66,19.63,18.66,19.63,39900,SGT
2022-04-28,19.63,20.66,19.52,19.52,71200,SGT
2022-04-29,19.56,19.56,19.08,19.28,152500,SGT
2022-05-04,20.63,20.63,20.63,20.63,93500,SGT
2022-05-05,22.04,22.04,22.04,22.04,36200,SGT
2022-05-06,23.55,23.55,22.18,22.86,1513800,SGT
2022-05-09,22.86,22.86,21.28,21.28,227000,SGT
2022-05-10,20.11,21.69,20.11,21.69,128700,SGT
2022-05-11,21.69,21.69,20.39,20.39,176500,SGT
2022-05-12,20.39,20.63,18.97,18.97,187500,SGT
2022-05-13,17.98,19.28,17.66,17.66,279200,SGT
2022-05-16,18.84,18.87,17.56,18.25,650300,SGT
2022-05-17,18.25,19.49,17.56,19.49,157000,SGT
2022-05-18,20.25,20.25,19.28,19.39,168900,SGT
2022-05-19,19.46,20.73,19.35,20.73,199300,SGT
2022-05-20,21.69,21.69,19.97,20.66,42600,SGT
2022-05-23,20.7,20.97,19.97,19.97,62200,SGT
2022-05-24,19.97,20.32,19.63,20.25,69200,SGT
2022-05-25,20.01,20.73,19.94,20.66,77000,SGT
2022-05-26,20.66,20.73,20.52,20.66,115700,SGT
2022-05-27,20.59,21,20.11,20.21,83500,SGT
2022-05-30,20.32,20.66,19.87,19.97,102200,SGT
2022-05-31,20.32,20.32,19.63,19.84,99800,SGT
2022-06-01,19.56,19.97,19.28,19.97,89300,SGT
2022-06-02,19.52,20.66,19.52,19.63,28200,SGT
2022-06-03,19.18,19.73,19.18,19.18,42900,SGT
2022-06-06,19.28,19.7,19.18,19.28,73800,SGT
2022-06-07,19.77,19.77,18.8,19.28,69000,SGT
2022-06-08,19.28,20.18,19.08,19.63,201500,SGT
2022-06-09,19.49,19.63,19.28,19.63,81800,SGT
2022-06-10,19.56,19.97,19.28,19.46,69400,SGT
2022-06-13,19.01,19.22,18.11,19.22,246400,SGT
2022-06-14,18.11,18.9,17.98,18.6,116500,SGT
2022-06-15,19.08,19.08,17.32,18.46,219700,SGT
2022-06-16,18.39,18.53,18.15,18.46,82000,SGT
2022-06-17,17.22,18.39,17.18,18.25,227200,SGT
2022-06-20,17.91,17.91,16.98,16.98,337700,SGT
2022-06-21,15.98,17.01,15.81,17.01,184900,SGT
2022-06-22,16.53,17.08,16.53,16.87,59900,SGT
2022-06-23,16.36,17.01,16.36,17.01,45400,SGT
2022-06-24,16.56,17.05,16.39,16.87,67500,SGT
2022-06-27,16.87,17.98,15.88,17.98,133800,SGT
2022-06-28,18.46,18.46,17.91,17.91,36800,SGT
2022-06-29,17.77,18.49,17.66,17.91,31200,SGT
2022-06-30,17.84,17.91,16.87,17.91,40800,SGT
2022-07-01,17.29,17.63,16.8,17.63,33000,SGT
2022-07-04,17.29,17.84,17.22,17.77,30200,SGT
2022-07-05,17.25,17.29,16.98,16.98,23300,SGT
2022-07-06,16.25,16.94,16.25,16.94,25800,SGT
2022-07-07,16.53,16.94,15.84,16.94,28600,SGT
2022-07-08,17.77,17.77,16.39,16.67,14500,SGT
2022-07-11,16.6,16.94,16.42,16.87,39000,SGT
2022-07-12,17.7,17.7,16.91,17.66,34000,SGT
2022-07-13,17.66,18.18,17.49,17.77,17300,SGT
2022-07-14,17.8,17.8,17.56,17.73,11500,SGT
2022-07-15,17.73,17.73,17.42,17.7,12400,SGT
2022-07-18,17.77,17.98,17.56,17.6,46400,SGT
2022-07-19,17.6,17.77,17.22,17.77,4700,SGT
2022-07-20,17.84,17.91,17.63,17.77,36300,SGT
2022-07-21,17.77,18.6,17.7,17.73,24700,SGT
2022-07-22,17.6,18.25,17.22,17.77,101000,SGT
2022-07-25,17.77,17.91,17.25,17.91,28400,SGT
2022-07-26,17.39,18.25,17.39,17.91,24700,SGT
2022-07-27,17.91,17.91,17.56,17.91,91200,SGT
2022-07-28,17.91,18.6,17.91,18.15,40900,SGT
2022-07-29,18.8,19.39,18.6,19.35,210900,SGT
2022-08-01,18.46,19.97,18.25,19.35,100900,SGT
2022-08-02,19.04,19.28,18.6,19.18,102300,SGT
2022-08-03,18.66,19.35,18.39,19.25,135200,SGT
2022-08-04,19.49,19.49,18.87,19.22,46000,SGT
2022-08-05,18.46,19.22,18.18,18.53,14000,SGT
2022-08-08,18.53,19.08,18.25,19.01,111100,SGT
2022-08-09,19.08,19.7,18.8,19.39,123900,SGT
2022-08-10,19.35,19.39,18.94,19.28,20100,SGT
2022-08-11,19.28,20.18,19.28,19.49,137000,SGT
2022-08-12,19.49,19.66,19.39,19.56,16300,SGT
2022-08-15,19.9,19.97,19.35,19.49,77300,SGT
2022-08-16,19.49,19.49,18.73,19.46,22800,SGT
2022-08-17,19.01,19.28,18.94,19.22,14200,SGT
2022-08-18,19.22,19.22,18.6,18.87,8900,SGT
2022-08-19,19.84,19.84,18.73,19.01,23200,SGT
2022-08-22,19.01,19.08,18.49,18.49,20700,SGT
2022-08-23,18.6,18.87,18.49,18.6,24600,SGT
2022-08-24,19.25,19.25,18.6,18.63,48200,SGT
2022-08-25,18.46,18.9,18.46,18.87,17800,SGT
2022-08-26,19.04,19.04,18.56,18.56,5900,SGT
2022-08-29,18.25,18.94,18.04,18.94,48000,SGT
2022-08-30,18.53,18.94,17.94,18.77,24200,SGT
2022-08-31,18.22,18.56,18.08,18.32,16900,SGT
2022-09-05,18.25,18.9,18.25,18.39,15000,SGT
2022-09-06,18.39,18.73,18.25,18.56,57600,SGT
2022-09-07,18.32,18.6,17.36,18.49,109500,SGT
2022-09-08,18.46,18.46,17.77,17.77,31400,SGT
2022-09-09,17.77,18.6,17.56,18.53,131800,SGT
2022-09-12,18.94,19.22,17.94,19.22,128887,SGT
2022-09-13,19.22,19.28,18.94,19.22,16100,SGT
2022-09-14,18.04,19.15,18.04,19.15,9500,SGT
2022-09-15,18.6,18.94,18.25,18.94,22500,SGT
2022-09-16,18.63,19.22,18.08,18.28,13200,SGT
2022-09-19,17.77,18.53,17.77,18.39,31000,SGT
2022-09-20,18.39,18.53,17.77,18.46,29100,SGT
2022-09-21,18.46,18.6,17.77,18.56,101000,SGT
2022-09-22,18.46,18.6,17.91,18.25,184000,SGT
2022-09-23,18.5,19.2,18.25,18.25,65900,SGT
2022-09-26,17,18,17,17.9,42100,SGT
2022-09-27,18.3,18.3,17.2,18.15,22100,SGT
2022-09-28,17.45,18.15,17.3,18.15,11622,SGT
2022-09-29,17.55,18,17.55,18,7900,SGT
2022-09-30,17.3,17.7,16.8,17.7,26803,SGT
2022-10-03,16.8,18,16.5,16.5,9693,SGT
2022-10-04,16.5,16.5,16,16.5,77800,SGT
2022-10-05,16.7,16.7,15.35,16.5,28911,SGT
2022-10-06,16.25,16.45,16,16.3,14972,SGT
2022-10-07,15.3,16,15.2,15.8,17038,SGT
2022-10-10,15,15.8,15,15.65,262167,SGT
2022-10-11,15.15,15.15,14.6,14.9,489200,SGT
2022-10-12,14,15.6,13.9,14.9,27080,SGT
2022-10-13,14.9,14.9,14.1,14.2,9601,SGT
2022-10-14,14.2,14.6,14,14.2,68714,SGT
2022-10-17,14.25,14.25,13.75,13.75,417200,SGT
2022-10-18,13.95,13.95,13.15,13.4,62238,SGT
2022-10-19,12.7,13.4,12.7,12.9,1074400,SGT
2022-10-20,13.15,13.15,12.55,12.55,1118820,SGT
2022-10-21,12.5,12.5,11.7,11.7,47920,SGT
2022-10-24,12.3,12.3,10.9,10.9,53600,SGT
2022-10-25,10.9,10.9,10.15,10.15,83867,SGT
2022-10-26,9.44,10.2,9.44,9.89,36117,SGT
2022-10-27,10.55,10.55,9.89,10.55,30100,SGT
2022-10-28,10.5,11.1,10.2,11,55113,SGT
2022-10-31,11.5,11.5,10.5,11.2,10200,SGT
2022-11-01,11.2,11.35,10.55,11.25,41600,SGT
2022-11-02,10.7,11.35,10.7,11.3,73478,SGT
2022-11-03,11.55,11.55,11,11.2,20800,SGT
2022-11-04,11,11.15,10.45,10.9,63600,SGT
2022-11-07,10.2,10.75,10.15,10.15,6705,SGT
2022-11-08,10.1,10.15,9.44,10.05,63950,SGT
2022-11-09,10.1,10.55,9.85,10,7900,SGT
2022-11-10,9.5,10,9.3,9.3,81000,SGT
2022-11-11,9.3,9.5,8.65,9.5,28700,SGT
2022-11-14,9.5,9.85,8.84,9.58,34600,SGT
2022-11-15,8.92,9.92,8.91,9.58,32355,SGT
2022-11-16,8.92,9.9,8.91,9.9,44210,SGT
2022-11-17,10,10.1,9.35,9.36,20951,SGT
2022-11-18,9.75,9.75,8.91,9.5,21200,SGT
2022-11-21,8.93,10,8.93,10,57400,SGT
2022-11-22,9.5,10.2,9.5,10,42325,SGT
2022-11-23,10,10.05,9.6,9.6,7346,SGT
2022-11-24,9,9.66,9,9.6,24300,SGT
2022-11-25,9.5,9.75,9.4,9.6,4339,SGT
2022-11-28,9.2,10,9.2,9.7,51100,SGT
2022-11-29,9.4,10.2,9.4,9.8,68348,SGT
2022-11-30,9.8,10.45,9.62,10.45,694800,SGT
2022-12-01,11.15,11.15,11.15,11.15,11226,SGT
2022-12-02,11.9,11.9,11.5,11.9,169256,SGT
2022-12-05,12.7,12.7,12.15,12.3,57813,SGT
2022-12-06,11.6,12.5,11.45,11.45,102555,SGT
2022-12-07,10.75,11.45,10.65,10.65,112740,SGT
2022-12-08,10.2,11.35,10.2,11.25,175710,SGT
2022-12-09,10.6,11.8,10.6,11.15,12810,SGT
2022-12-12,11.25,11.4,10.5,10.5,27450,SGT
2022-12-13,9.85,10.5,9.85,10,15000,SGT
2022-12-14,10.55,10.7,10,10.4,101300,SGT
2022-12-15,10.9,10.9,10,10.4,53340,SGT
2022-12-16,10.4,11.1,10,11.1,270257,SGT
2022-12-19,11.2,11.5,10.8,11.2,110700,SGT
2022-12-20,11.4,11.75,10.5,11.75,167020,SGT
2022-12-21,11.7,12,10.95,11.8,132800,SGT
2022-12-22,11.1,12.5,11.1,12.4,138500,SGT
2022-12-23,11.85,12.6,11.85,12.15,25903,SGT
2022-12-26,11.8,12.15,11.35,12,158742,SGT
2022-12-27,11.2,12.7,11.2,12.7,252400,SGT
2022-12-28,12.7,13.55,12.7,13.55,226076,SGT
2022-12-29,14.2,14.45,13.95,14.45,224344,SGT
2022-12-30,14.4,15.3,14,15.2,233141,SGT
2022-12-30,14.4,15.3,14,15.2,233141,SGT
2023-01-03,15.2,15.3,15,15.15,19125,SGT
2023-01-04,14.35,15.3,14.1,14.95,47035,SGT
2023-01-05,14.95,14.95,14,14,26900,SGT
2023-01-06,14,14.95,13.35,13.35,7710,SGT
2023-01-09,14,14,12.8,12.8,14605,SGT
2023-01-10,13,13,13,13,1030,SGT
2023-01-11,12.65,13.3,12.5,13.15,18400,SGT
2023-01-12,13.75,13.95,13.35,13.5,245010,SGT
2023-01-13,14.1,14.1,13.1,13.45,19103,SGT
2023-01-16,12.8,14,12.8,13.5,456100,SGT
2023-01-17,13.5,13.5,13,13.2,47500,SGT
2023-01-18,13.2,13.55,13.1,13.1,5000,SGT
2023-01-19,13.5,13.5,13,13.4,32200,SGT
2023-01-27,13.45,13.9,13.45,13.8,7410,SGT
2023-01-30,13.7,14.1,13.5,13.9,10900,SGT
2023-01-31,13.45,13.9,13.25,13.8,7370,SGT
2023-02-01,13.5,13.8,13,13.4,21300,SGT
2023-02-02,13.1,13.55,12.5,13.25,15100,SGT
2023-02-03,13.2,13.25,12.7,13,13100,SGT
2023-02-06,12.95,13,12.35,12.9,20800,SGT
2023-02-07,13,13,12.4,12.8,3100,SGT
2023-02-08,12.9,13,12.15,12.75,8000,SGT
2023-02-09,12.75,12.75,12.25,12.3,1857,SGT
2023-02-10,12.3,12.55,12.3,12.3,2102,SGT
2023-02-13,11.8,12.45,11.55,12.2,9100,SGT
2023-02-14,12.2,12.2,12.2,12.2,0,SGT
2023-02-15,12.65,12.7,11.65,11.65,2656,SGT
2023-02-16,11.15,12.45,11.15,12.3,11100,SGT
2023-02-17,13.1,13.1,11.85,12.7,4300,SGT
2023-02-20,12.1,12.9,12.05,12.75,9030,SGT
2023-02-21,12.8,12.8,12.4,12.6,13940,SGT
2023-02-22,12.7,12.7,12.1,12.5,9200,SGT
2023-02-23,11.7,12.4,11.7,12,5700,SGT
2023-02-24,12.6,12.6,11.9,12.1,8700,SGT
2023-02-27,12.1,12.4,11.75,12,12100,SGT
2023-02-28,12.8,12.8,11.7,11.95,10400,SGT
2023-03-01,11.95,12.15,11.95,12.1,10010,SGT
2023-03-02,11.75,12.2,11.75,12.05,17010,SGT
2023-03-03,11.7,12.8,11.7,12.4,19500,SGT
2023-03-06,11.95,12.5,11.95,12.1,5929,SGT
2023-03-07,12.5,12.5,12.1,12.3,2600,SGT
2023-03-08,12.45,12.45,12.05,12.25,7010,SGT
2023-03-09,12,12.4,11.9,12.2,8000,SGT
2023-03-10,11.95,12.1,11.9,12,5940,SGT
2023-03-13,11.45,12,11.45,11.9,5200,SGT
2023-03-14,11.9,12,11.8,11.8,9707,SGT
2023-03-15,12,12.2,11.75,11.85,27208,SGT
2023-03-16,11.85,11.85,11.4,11.8,18000,SGT
2023-03-17,12.35,12.35,11.6,11.8,2157,SGT
2023-03-20,12,12,11.7,11.85,17450,SGT
2023-03-21,11.7,11.95,11.6,11.8,4720,SGT
2023-03-22,11.6,11.85,11.6,11.8,7420,SGT
2023-03-23,11.55,11.9,11.5,11.7,5600,SGT
2023-03-24,12,12,11.5,11.8,12000,SGT
2023-03-27,11.8,11.85,11.7,11.85,11104,SGT
2023-03-28,12,12,11.7,11.9,9100,SGT
2023-03-29,12,12,11.7,11.7,10100,SGT
2023-03-30,11.7,11.8,11.65,11.65,7810,SGT
2023-03-31,11.65,12.4,11.65,12.4,43800,SGT
2023-04-03,13.15,13.15,12,12.35,13213,SGT
2023-04-04,12.5,12.5,12.15,12.25,1114,SGT
2023-04-05,12.4,12.4,11.8,11.8,26200,SGT
2023-04-06,11.9,12.05,11.7,11.95,93022,SGT
2023-04-07,12.25,12.25,11.8,11.95,23713,SGT
2023-04-10,12.2,12.2,11.75,11.75,42600,SGT
2023-04-11,11.75,11.8,11.65,11.75,40200,SGT
2023-04-12,11.75,11.9,11.6,11.8,41009,SGT
2023-04-13,11.7,11.9,11.65,11.85,12339,SGT
2023-04-14,11.95,12,11.7,11.7,21300,SGT
2023-04-17,11.7,11.9,11.7,11.8,9400,SGT
2023-04-18,11.8,11.85,11.7,11.85,6000,SGT
2023-04-19,11.85,11.85,11.65,11.8,5500,SGT
2023-04-20,11.8,11.85,11.5,11.75,25324,SGT
2023-04-21,11.75,11.9,11.75,11.75,15800,SGT
2023-04-24,11.75,11.95,11.5,11.75,27100,SGT
2023-04-25,11.8,11.9,11.7,11.8,13700,SGT
2023-04-26,11.85,11.85,11.6,11.8,3800,SGT
2023-04-27,11.8,11.85,11.7,11.8,4548,SGT
2023-04-28,11.8,11.8,11.7,11.75,28900,SGT
2023-05-04,11.7,11.75,11.6,11.6,28200,SGT
2023-05-05,11.6,11.6,10.8,11.45,180111,SGT
2023-05-08,11.5,11.5,10.9,11.35,10503,SGT
2023-05-09,11.35,11.35,10.6,10.9,96908,SGT
2023-05-10,10.9,11.3,10.75,11.2,27000,SGT
2023-05-11,11.35,11.9,11.2,11.55,32900,SGT
2023-05-12,11.8,11.8,11.5,11.65,86500,SGT
2023-05-15,12,12,11.5,11.65,23500,SGT
2023-05-16,11.6,11.7,11,11.45,28700,SGT
2023-05-17,11.3,11.5,11.25,11.25,20500,SGT
2023-05-18,11.15,11.4,11,11.4,30708,SGT
2023-05-19,11.4,11.4,10.9,11.2,6351,SGT
2023-05-22,11.2,11.55,11.2,11.3,8800,SGT
2023-05-23,11.2,11.4,11.2,11.35,18031,SGT
2023-05-24,11.25,11.5,11.25,11.4,21800,SGT
2023-05-25,11.3,12,11.3,11.8,89901,SGT
2023-05-26,12,12,11.65,11.7,16007,SGT
2023-05-29,11.9,12,11.8,12,56900,SGT
2023-05-30,12.75,12.8,12.65,12.75,189537,SGT
2023-05-31,12.75,13.25,12.6,12.85,71221,SGT
2023-06-01,12.75,13.1,12.45,12.95,105302,SGT
2023-06-02,12.8,13.3,12.7,12.85,73500,SGT
2023-06-05,13.25,13.25,12.55,12.75,28300,SGT
2023-06-06,12.65,12.65,12.35,12.6,69110,SGT
2023-06-07,12.85,12.85,12.4,12.6,51900,SGT
2023-06-08,12.4,12.7,12.4,12.45,52000,SGT
2023-06-09,12.75,12.75,12.4,12.4,26804,SGT
2023-06-12,12.45,12.5,11.85,12.4,52811,SGT
2023-06-13,12.4,12.5,12.1,12.5,21201,SGT
2023-06-14,12.95,12.95,12.2,12.3,57506,SGT
2023-06-15,12.2,12.4,12.1,12.3,15629,SGT
2023-06-16,12.1,12.45,12.1,12.45,35600,SGT
2023-06-19,12.4,12.4,12.05,12.05,23600,SGT
2023-06-20,12,12.6,11.9,12.4,41900,SGT
2023-06-21,12.65,12.65,12.25,12.4,7304,SGT
2023-06-22,12.4,12.45,12.2,12.3,26700,SGT
2023-06-23,12.3,12.4,12.15,12.15,19100,SGT
2023-06-26,12.15,12.8,12,12.7,99201,SGT
2023-06-27,12.8,13.55,12.7,13.55,304498,SGT
2023-06-28,13.6,14,13,13.1,102001,SGT
2023-06-29,13.1,13.2,12.9,12.95,51600,SGT
2023-06-30,12.9,13.5,12.8,13,69170,SGT
2023-07-03,13.65,13.65,12.9,13.15,24600,SGT
2023-07-04,13.3,13.3,12.9,13.2,44200,SGT
2023-07-05,13.2,13.5,13,13.25,60540,SGT
2023-07-06,13,13.35,12.95,13.2,81403,SGT
2023-07-07,13.1,13.4,12.9,13.4,169229,SGT
2023-07-10,13.4,13.5,13.35,13.5,87310,SGT
2023-07-11,13.6,14.4,13.6,14.4,378588,SGT
2023-07-12,15,15.2,14.1,15,248485,SGT
2023-07-13,15,15.35,15,15,152600,SGT
2023-07-14,15.2,15.2,14.5,15,88100,SGT
2023-07-17,15,15.2,14.5,14.8,113200,SGT
2023-07-18,14.9,15.8,14.65,15.2,94188,SGT
2023-07-19,15.8,15.8,14.8,15.2,41064,SGT
2023-07-20,15.25,15.35,15,15.1,80008,SGT
2023-07-21,15,15.5,15,15.5,77019,SGT
2023-07-24,15.45,15.45,14.9,15.4,44080,SGT
2023-07-25,15.4,15.4,15,15,44200,SGT
2023-07-26,14.75,15,14.5,14.5,142410,SGT
2023-07-27,14.9,14.9,14.35,14.4,104870,SGT
2023-07-28,14.3,15,14.3,14.5,32800,SGT
2023-07-31,14.5,14.8,14.4,14.8,77800,SGT
2023-08-01,14.8,14.95,14.4,14.5,130800,SGT
2023-08-02,14.75,14.75,14.2,14.4,64604,SGT
2023-08-03,14.25,14.6,14.25,14.55,74362,SGT
2023-08-04,14.3,15,14.3,14.65,72767,SGT
2023-08-07,14.65,15.65,14.5,15.65,175701,SGT
2023-08-08,16.1,16.6,15,15.6,211973,SGT
2023-08-09,15.1,15.6,15,15.45,95801,SGT
2023-08-10,15.2,15.55,14.9,15.4,63300,SGT
2023-08-11,15.35,15.35,14.8,15.1,45803,SGT
2023-08-14,14.6,15.95,14.6,15.95,146433,SGT
2023-08-15,15.05,16,15.05,15.45,49657,SGT
2023-08-16,15.05,15.45,15.05,15.4,41802,SGT
2023-08-17,15.4,15.4,14.9,14.95,40424,SGT
2023-08-18,14.95,15,13.95,13.95,158400,SGT
2023-08-21,13.9,13.9,13.3,13.9,53200,SGT
2023-08-22,14.4,14.85,14.3,14.8,130301,SGT
2023-08-23,15.5,15.6,14.5,15,101011,SGT
2023-08-24,14.95,15.15,14.5,14.9,55500,SGT
2023-08-25,14.9,15.45,14.7,14.9,23227,SGT
2023-08-28,14.8,15,14.8,15,75100,SGT
2023-08-29,15,15.15,14.85,15,60828,SGT
2023-08-30,15,15.2,14.85,15.2,42500,SGT
2023-08-31,15.15,16,14.9,15.15,140363,SGT
2023-09-05,15.3,15.7,15,15.25,71141,SGT
2023-09-06,15.25,15.6,14.6,15.4,18304,SGT
2023-09-07,15.4,15.4,14.9,15,76712,SGT
2023-09-08,15,15.55,15,15.35,207318,SGT
2023-09-11,15.4,15.8,15.4,15.4,204001,SGT
2023-09-12,15.7,15.7,15.05,15.6,75305,SGT
2023-09-13,15,15.7,15,15.5,76202,SGT
2023-09-14,15.5,15.5,14.7,15.3,40456,SGT
2023-09-15,15.3,15.4,14.7,15,56000,SGT
2023-09-18,14.6,15,14.6,14.75,4200,SGT
2023-09-19,14.75,14.75,13.8,14.4,34702,SGT
2023-09-20,14.4,15.4,14.4,15.4,42001,SGT
2023-09-21,15.4,15.4,14.8,14.8,38000,SGT
2023-09-22,14.7,15.05,14.35,14.5,127100,SGT
2023-09-25,14.5,15.2,13.5,13.5,109300,SGT
2023-09-26,13.5,14.2,13.5,14,15400,SGT
2023-09-27,14,14.4,13.5,14.4,11400,SGT
2023-09-28,13.65,14.4,13.65,14.35,11500,SGT
2023-09-29,14.75,14.75,14,14.2,41800,SGT
2023-10-02,14.5,14.5,14,14.35,26250,SGT
2023-10-03,14.35,14.35,13.5,14.15,43812,SGT
2023-10-04,14.1,14.35,14.1,14.35,6500,SGT
2023-10-05,13.45,14.2,13.45,14,16000,SGT
2023-10-06,13.5,14.1,13.5,14,15800,SGT
2023-10-09,13.75,14,13.75,13.8,18100,SGT
2023-10-10,13.7,14.1,13.55,14,29276,SGT
2023-10-11,13.9,14.5,13.75,14.5,30700,SGT
2023-10-12,14.45,14.45,14,14.1,28200,SGT
2023-10-13,14,14.1,13.65,14.05,44100,SGT
2023-10-16,14.05,14.5,13.85,14.2,50100,SGT
2023-10-17,14.1,14.4,13.75,13.75,55509,SGT
2023-10-18,14,14,13.4,13.45,20800,SGT
2023-10-19,14,14,13.2,13.2,13800,SGT
2023-10-20,13.7,13.75,13,13.75,21701,SGT
2023-10-23,13.15,13.5,13.05,13.4,14102,SGT
2023-10-24,13.5,13.5,12.5,13.2,23780,SGT
2023-10-25,13.05,13.85,13.05,13.15,22000,SGT
2023-10-26,13,13,12.25,12.25,46980,SGT
2023-10-27,12.5,12.8,11.7,12.6,28600,SGT
2023-10-30,13.15,13.15,12.25,12.8,7510,SGT
2023-10-31,12.8,12.8,11.95,11.95,61000,SGT
2023-11-01,12.4,12.75,11.55,12,14103,SGT
2023-11-02,11.5,12.4,11.5,12.3,28900,SGT
2023-11-03,12.3,12.3,11.8,11.95,42600,SGT
2023-11-06,12.65,12.65,11.85,11.85,41600,SGT
2023-11-07,11.85,11.85,11.45,11.55,47600,SGT
2023-11-08,11.9,12.2,11.35,12.2,25903,SGT
2023-11-09,12.3,12.35,12.1,12.3,52101,SGT
2023-11-10,12.2,12.3,11.9,12.3,19800,SGT
2023-11-13,12,12.25,11.85,12.15,13900,SGT
2023-11-14,12,12.25,11.3,11.9,67913,SGT
2023-11-15,12.05,12.15,11.8,12.1,34005,SGT
2023-11-16,12,12,11.7,11.85,36500,SGT
2023-11-17,11.95,12.2,11.85,12,45101,SGT
2023-11-20,11.65,12,11.25,12,37350,SGT
2023-11-21,12,12,11.5,11.95,5010,SGT
2023-11-22,12,12,11.75,11.85,15610,SGT
2023-11-23,11.75,12.4,11.75,11.85,9210,SGT
2023-11-24,11.85,12.35,11.7,12.2,10302,SGT
2023-11-27,12.1,12.2,11.8,11.85,7694,SGT
2023-11-28,12,12,11.8,11.9,12000,SGT
2023-11-29,12.35,12.35,11.9,12,6000,SGT
2023-11-30,12.4,12.4,11.8,12.05,5300,SGT
2023-12-01,11.9,12.3,11.8,11.85,19310,SGT
2023-12-04,12,12.4,12,12.35,4900,SGT
2023-12-05,12,12.3,12,12,25901,SGT
2023-12-06,12,12.3,11.95,12.3,30716,SGT
2023-12-07,12.3,12.3,11.9,12.25,5728,SGT
2023-12-08,12.25,12.25,11.9,12.2,18810,SGT
2023-12-11,12,12.1,11.85,12.1,12950,SGT
2023-12-12,12.1,12.2,11.9,12.2,6710,SGT
2023-12-13,11.95,12.1,11.8,11.8,12500,SGT
2023-12-14,12.1,12.15,11.75,11.9,12604,SGT
2023-12-15,11.9,11.95,11.7,11.7,5600,SGT
2023-12-18,11.75,11.95,11.75,11.95,200,SGT
2023-12-19,11.95,11.95,11.8,11.9,25805,SGT
2023-12-20,11.8,11.95,11.8,11.9,18500,SGT
2023-12-21,11.9,11.9,11.75,11.9,7500,SGT
2023-12-22,11.85,11.9,11.75,11.8,10008,SGT
2023-12-25,11.8,11.95,11.8,11.95,6400,SGT
2023-12-26,11.9,11.95,11.85,11.85,12400,SGT
2023-12-27,11.85,11.9,11.8,11.9,16209,SGT
2023-12-28,11.8,11.85,11.75,11.75,18000,SGT
2023-12-29,11.8,11.95,11.3,11.3,41800,SGT
2024-01-02,11.85,11.85,11.4,11.8,55700,SGT
2024-01-03,11.8,11.85,11.7,11.7,32701,SGT
2024-01-04,11.7,11.7,11.65,11.7,19501,SGT
2024-01-05,11.65,11.65,11.55,11.65,23607,SGT
2024-01-08,11.65,11.7,11.6,11.65,22900,SGT
2024-01-09,11.65,11.7,11.65,11.7,18600,SGT
2024-01-10,11.9,11.9,11.6,11.75,5900,SGT
2024-01-11,11.65,11.8,11.5,11.8,24709,SGT
2024-01-12,11.7,11.85,11.3,11.85,21401,SGT
2024-01-15,11.85,11.85,11.6,11.65,7405,SGT
2024-01-16,11.5,11.7,11.4,11.65,13900,SGT
2024-01-17,11.55,11.65,11.4,11.65,34000,SGT
2024-01-18,11.65,11.8,11.6,11.8,2600,SGT
2024-01-19,11.9,11.9,11.4,11.4,25710,SGT
2024-01-22,11.5,11.5,11.4,11.5,16430,SGT
2024-01-23,11.4,11.5,11.3,11.35,11500,SGT
2024-01-24,11.5,11.7,11.5,11.6,1510,SGT
2024-01-25,11.4,11.5,11.3,11.4,4600,SGT
2024-01-26,11.85,11.85,11.4,11.4,3100,SGT
2024-01-29,11.4,11.6,11.3,11.6,8300,SGT
2024-01-30,11.3,11.4,11.3,11.4,16800,SGT
2024-01-31,11.4,11.95,11.4,11.8,62200,SGT
2024-02-01,11.8,12.6,11.8,12.6,56900,SGT
2024-02-02,12.6,12.8,12,12.5,21510,SGT
2024-02-05,12.8,13.3,12.2,12.7,10005,SGT
2024-02-06,12.4,12.7,12.25,12.25,8012,SGT
2024-02-07,12.25,12.3,12,12.3,20600,SGT
2024-02-15,12.3,12.95,12.3,12.7,11308,SGT
2024-02-16,12.7,12.8,12.3,12.6,1400,SGT
2024-02-19,12.6,12.6,12.2,12.4,27808,SGT
2024-02-20,12.4,12.5,12.1,12.25,10200,SGT
2024-02-21,12.8,12.8,11.45,12.5,32102,SGT
2024-02-22,12.3,12.3,12.1,12.1,2902,SGT
2024-02-23,12.8,12.8,12,12,12260,SGT
2024-02-26,11.75,12,11.7,11.9,18000,SGT
2024-02-27,11.9,12.2,11.9,12.2,20213,SGT
2024-02-28,12,12.1,12,12.05,5900,SGT
2024-02-29,12,12.05,11.95,11.95,10800,SGT
2024-03-01,12,12.25,11.9,11.9,12209,SGT
2024-03-04,11.95,12.25,11.95,12.2,33850,SGT
2024-03-05,12,12.3,11.95,12,16809,SGT
2024-03-06,12,12.2,11.85,11.85,45850,SGT
2024-03-07,11.8,12,11.8,11.95,9600,SGT
2024-03-08,11.9,12,11.85,11.95,17630,SGT
2024-03-11,12,12,11.75,11.75,13100,SGT
2024-03-12,11.8,11.85,11.7,11.85,26361,SGT
2024-03-13,11.7,11.9,11.65,11.9,36114,SGT
2024-03-14,11.9,12.5,11.9,12.2,58609,SGT
2024-03-15,12.4,12.45,12.05,12.1,90823,SGT
2024-03-18,12.1,12.5,11.6,11.75,37100,SGT
2024-03-19,11.6,11.95,11.1,11.85,12800,SGT
2024-03-20,11.85,11.85,11.4,11.8,31885,SGT
2024-03-21,11.8,12.4,11.8,12.35,49700,SGT
2024-03-22,12.3,12.3,11.95,12.15,22766,SGT
2024-03-25,12.15,12.15,12,12.15,57800,SGT
2024-03-26,12,12.5,12,12.5,67900,SGT
2024-03-27,12.45,12.5,12.2,12.25,11220,SGT
2024-03-28,12.25,12.4,12,12.1,44600,SGT
2024-03-29,12,12.5,12,12.45,49300,SGT
2024-04-01,12.35,13.15,12.35,12.85,105786,SGT
2024-04-02,12.8,12.85,12.35,12.6,42900,SGT
2024-04-03,12.5,12.65,12.35,12.45,205105,SGT
2024-04-04,12.45,12.45,12.2,12.4,76742,SGT
2024-04-05,12.4,12.8,12.35,12.4,35302,SGT
2024-04-08,12.4,12.4,12,12.4,45536,SGT
2024-04-09,12.4,12.4,12.1,12.1,7876,SGT
2024-04-10,12.15,12.4,12.1,12.2,26105,SGT
2024-04-11,12.2,12.4,12.05,12.05,37416,SGT
2024-04-12,12.15,12.4,12.05,12.3,32217,SGT
2024-04-15,12.1,12.25,11.85,12,43652,SGT
2024-04-16,11.7,12,11.7,12,19106,SGT
2024-04-17,11.7,12.05,11.7,11.85,17900,SGT
2024-04-19,11.85,11.85,11.6,11.85,58500,SGT
2024-04-22,11.85,11.95,11.7,11.95,16908,SGT
2024-04-23,11.7,11.95,11.7,11.7,10362,SGT
2024-04-24,11.7,12,11.7,11.8,11512,SGT
2024-04-25,11.8,11.95,11.7,11.8,34702,SGT
2024-04-26,11.9,11.9,11.75,11.75,8500,SGT
2024-05-02,12.3,12.3,12,12.1,14700,SGT
2024-05-03,12.1,12.2,12,12.05,14501,SGT
2024-05-06,11.8,12.2,11.8,12,14700,SGT
2024-05-07,12,12.65,11.95,12.65,52600,SGT
2024-05-08,12.3,12.45,12.2,12.45,31200,SGT
2024-05-09,12.35,12.45,12.15,12.4,31200,SGT
2024-05-10,12.4,13.25,12.4,13.25,207995,SGT
2024-05-13,14,14.15,13.7,14.15,425140,SGT
2024-05-14,14.15,14.4,13.4,13.95,164578,SGT
2024-05-15,14.6,14.6,14.1,14.3,226921,SGT
2024-05-16,14.5,14.5,13.65,13.65,93425,SGT
2024-05-17,13.4,13.7,13.4,13.6,89191,SGT
2024-05-20,13.5,13.7,13.2,13.6,71813,SGT
2024-05-21,13.8,14,13.5,13.5,82951,SGT
2024-05-22,13.9,13.9,13.2,13.25,62138,SGT
2024-05-23,13.25,13.5,13.2,13.45,59908,SGT
2024-05-24,13.45,13.45,12.75,12.95,68100,SGT
2024-05-27,12.6,13,12.6,12.95,48300,SGT
2024-05-28,13.1,13.1,12.9,13,53416,SGT
2024-05-29,13,13.5,13,13.05,83236,SGT
2024-05-30,13.05,13.05,12.6,12.7,79221,SGT
2024-05-31,12.7,13.55,12.7,13.55,147608,SGT
2024-06-03,13.65,14.45,13.65,14.45,227379,SGT
2024-06-04,15,15.2,14.2,14.4,299580,SGT
2024-06-05,14.45,15.1,14.45,14.85,152927,SGT
2024-06-06,14.8,15.35,14.45,14.8,276436,SGT
2024-06-07,14.8,14.9,14.6,14.8,78110,SGT
2024-06-10,14.85,14.85,14.6,14.6,39600,SGT
2024-06-11,14.55,14.55,14,14.05,126204,SGT
2024-06-12,14,14.2,13.7,14.2,83436,SGT
2024-06-13,14.05,14.25,13.95,14.2,121979,SGT
2024-06-14,14,15,13.9,14.55,163370,SGT
2024-06-17,14.95,15.2,14.1,14.3,78362,SGT
2024-06-18,14.3,14.3,13.9,14.25,59636,SGT
2024-06-19,14.2,14.5,14.05,14.05,68759,SGT
2024-06-20,14.3,15,14.3,15,406706,SGT
2024-06-21,15.5,16.05,15.5,16.05,467304,SGT
2024-06-24,17.15,17.15,15.9,16.35,393211,SGT
2024-06-25,16.35,16.35,15.25,15.25,191608,SGT
2024-06-26,15.2,15.25,14.55,14.6,271189,SGT
2024-06-27,14.6,15,14.55,14.8,98163,SGT
2024-06-28,15,15,14.1,14.75,147602,SGT
2024-07-01,14,14.3,13.85,14.25,74016,SGT
2024-07-02,14.25,14.3,14.15,14.15,90236,SGT
2024-07-03,14.15,14.3,13.7,13.85,182301,SGT
2024-07-04,13.9,14.4,13.8,14.3,150107,SGT
2024-07-05,14.1,14.4,13.9,13.95,102033,SGT
2024-07-08,13.95,14.05,13.75,13.75,113111,SGT
2024-07-09,13.65,14,13.6,13.75,119468,SGT
2024-07-10,13.65,13.95,13.65,13.7,27511,SGT
2024-07-11,13.75,14,13.7,13.95,29343,SGT
2024-07-12,13.8,14,13.8,13.9,37414,SGT
2024-07-15,13.95,13.95,13.6,13.7,13305,SGT
2024-07-16,13.7,13.7,12.75,13.7,174202,SGT
2024-07-17,13.15,13.5,13.1,13.5,30307,SGT
2024-07-18,13.35,13.5,12.95,13.5,18100,SGT
2024-07-19,13.35,13.7,13.15,13.5,101402,SGT
2024-07-22,13.45,13.5,13,13.5,35900,SGT
2024-07-23,13.2,13.3,12.7,12.7,18456,SGT
2024-07-24,12,13.2,11.9,13.15,17275,SGT
2024-07-25,12.8,13.25,12.35,13.2,4500,SGT
2024-07-26,13.1,13.2,12.7,13.15,20842,SGT
2024-07-29,13.15,13.75,12.95,13.75,22330,SGT
2024-07-30,13.75,14.7,13.75,14.2,67535,SGT
2024-07-31,14.15,14.6,14.1,14.3,120920,SGT
2024-08-01,14.3,14.3,13.6,13.8,92709,SGT
2024-08-02,13.7,14.3,13.5,14.2,52507,SGT
2024-08-05,14.2,14.2,13.3,13.85,45889,SGT
2024-08-06,13.8,13.95,13.15,13.95,65000,SGT
2024-08-07,13.9,13.9,13.5,13.5,13800,SGT
2024-08-08,13.05,14.1,13.05,13.8,17310,SGT
2024-08-09,13.8,13.9,13.5,13.9,7410,SGT
2024-08-12,14,14,13.6,13.9,11017,SGT
2024-08-13,13.7,13.9,13.5,13.9,8224,SGT
2024-08-14,13.85,14,13.8,13.8,10700,SGT
2024-08-15,13.8,14,12.95,14,86927,SGT
2024-08-16,13.8,14,13.5,14,16622,SGT
2024-08-19,14,14,13.7,14,24600,SGT
2024-08-20,14,14,13.6,13.75,30043,SGT
2024-08-21,13.9,13.9,13.7,13.7,17435,SGT
2024-08-22,13.7,13.8,13.5,13.5,31621,SGT
2024-08-23,13.55,14.4,13.5,13.85,29243,SGT
2024-08-26,13.9,13.9,13.4,13.8,9010,SGT
2024-08-27,13.4,13.9,13.4,13.65,4400,SGT
2024-08-28,13.85,13.95,13.5,13.95,57011,SGT
2024-08-29,13.8,14,13.8,14,5104,SGT
2024-08-30,13.95,14.4,13.95,13.95,86810,SGT
2024-09-04,13.95,14.5,13.95,14.45,88325,SGT
2024-09-05,14.35,14.5,14.1,14.45,42540,SGT
2024-09-06,14.45,14.75,14.45,14.45,80445,SGT
2024-09-09,14.4,14.55,14.4,14.55,32509,SGT
2024-09-10,14.5,14.6,14.25,14.6,90615,SGT
2024-09-11,14.05,14.6,14.05,14.55,22960,SGT
2024-09-12,14.55,14.55,14.4,14.4,2252,SGT
2024-09-13,14.5,14.8,14.4,14.4,41011,SGT
2024-09-16,14.6,14.6,14.3,14.6,24102,SGT
2024-09-17,14.25,14.6,14.25,14.6,6602,SGT
2024-09-18,14.25,14.75,14.1,14.6,52501,SGT
2024-09-19,14.2,14.7,14.2,14.6,7416,SGT
2024-09-20,14.7,14.7,14.4,14.4,27000,SGT
2024-09-23,14.3,14.4,14.2,14.4,23037,SGT
2024-09-24,14.45,14.55,14.3,14.45,47811,SGT
2024-09-25,14.2,14.5,14.2,14.4,25428,SGT
2024-09-26,14.5,14.5,14.2,14.5,180411,SGT
2024-09-27,14.55,14.7,14.5,14.6,56668,SGT
2024-09-30,14.6,14.75,14.6,14.75,64355,SGT
2024-10-01,14.7,15,14.5,15,181628,SGT
2024-10-02,15,15.5,14.95,15,39149,SGT
2024-10-03,14.95,15.35,14.95,15.3,168728,SGT
2024-10-04,15,15.45,15,15.45,25716,SGT
2024-10-07,15.45,15.5,15,15.45,107354,SGT
2024-10-08,15.15,15.45,15.15,15.45,45671,SGT
2024-10-09,15.45,15.9,15.4,15.5,45153,SGT
2024-10-10,15.5,15.5,15.2,15.5,33200,SGT
2024-10-11,15.7,15.7,15.3,15.45,9950,SGT
2024-10-14,15.2,15.5,15,15.4,43673,SGT
2024-10-15,15.4,15.45,15,15.4,44917,SGT
2024-10-16,14.5,15.5,14.5,15,108401,SGT
2024-10-17,15.4,15.4,15,15.4,45101,SGT
2024-10-18,15,15.5,15,15.3,40136,SGT
2024-10-21,15,15.4,15,15.15,47301,SGT
2024-10-22,15,15.15,14.25,15.1,28001,SGT
2024-10-23,14.95,15,14.95,15,26508,SGT
2024-10-24,15.1,15.3,14.7,15.2,29600,SGT
2024-10-25,14.8,15.2,14.8,15.1,800,SGT
2024-10-28,15.2,15.2,14.5,15,8147,SGT
2024-10-29,14.55,15.6,14.55,15.3,15000,SGT
2024-10-30,15.1,15.3,14.85,14.85,17100,SGT
2024-10-31,15.2,15.2,14.6,15.1,7512,SGT
2024-11-01,14.7,15.4,14.65,15.4,64000,SGT
2024-11-04,15.35,15.45,15.25,15.3,26368,SGT
2024-11-05,15.2,15.2,14.8,15.1,12410,SGT
2024-11-06,14.3,15.15,14.3,15.1,46418,SGT
2024-11-07,15.1,15.15,14.8,14.95,30328,SGT
2024-11-08,15,15,14.55,14.9,30701,SGT
2024-11-11,14.7,15.9,14.7,15.5,244665,SGT
2024-11-12,15.9,15.95,15.5,15.75,81138,SGT
2024-11-13,15.8,15.8,15.1,15.6,52231,SGT
2024-11-14,15.5,15.5,15,15.1,41000,SGT
2024-11-15,15.1,15.3,14.5,15.1,37202,SGT
2024-11-18,15.1,15.1,14.5,14.6,48200,SGT
2024-11-19,14.8,14.8,14.4,14.4,52600,SGT
2024-11-20,14.25,14.85,14,14.5,17600,SGT
2024-11-21,14.8,14.8,14.5,14.65,27880,SGT
2024-11-22,14.7,14.7,14.2,14.65,14600,SGT
2024-11-25,14.65,14.8,14.2,14.7,17009,SGT
2024-11-26,14.8,14.85,14.8,14.8,16109,SGT
2024-11-27,15,15,14.8,14.85,46101,SGT
2024-11-28,14.85,15.05,14.6,15.05,41016,SGT
2024-11-29,15.3,15.6,15,15.1,139047,SGT
2024-12-02,15.1,15.1,14.7,15.05,4303,SGT
2024-12-03,15.05,15.05,14.65,14.95,80397,SGT
2024-12-04,14.75,14.85,14.75,14.8,81210,SGT
2024-12-05,14.8,14.9,13.95,14.8,100602,SGT
2024-12-06,14.8,14.8,14.7,14.8,11714,SGT
2024-12-09,14.8,14.85,14.6,14.8,80835,SGT
2024-12-10,14.7,14.8,14.7,14.8,29105,SGT
2024-12-11,14.8,14.9,14.7,14.8,43717,SGT
2024-12-12,14.7,14.85,14.55,14.6,85800,SGT
2024-12-13,14.6,14.8,14.55,14.7,33092,SGT
2024-12-16,14.5,15.15,14.45,15.15,48711,SGT
2024-12-17,15.3,16.2,14.6,16.2,263431,SGT
2024-12-18,16.5,17.2,16.5,16.8,253829,SGT
2024-12-19,17.5,17.5,16.2,16.95,114526,SGT
2024-12-20,17.2,17.2,15.8,16.75,141451,SGT
2024-12-23,16.2,16.95,16.2,16.65,78327,SGT
2024-12-24,16.35,16.75,16.35,16.65,43300,SGT
2024-12-25,16.4,16.8,16.4,16.65,90528,SGT
2024-12-26,16.3,17.3,16.3,17,92184,SGT
2024-12-27,17.2,17.4,16.9,17.3,60302,SGT
2024-12-30,17,18.5,17,18.5,274228,SGT
2024-12-31,18.5,18.5,17.25,17.25,249404,SGT
2024-08-29,13.8,14,13.8,14,5104,SGT
2024-08-30,13.95,14.4,13.95,13.95,86810,SGT
2024-09-04,13.95,14.5,13.95,14.45,88325,SGT
2024-09-05,14.35,14.5,14.1,14.45,42540,SGT
2024-09-06,14.45,14.75,14.45,14.45,80445,SGT
2024-09-09,14.4,14.55,14.4,14.55,32509,SGT
2024-09-10,14.5,14.6,14.25,14.6,90615,SGT
2024-09-11,14.05,14.6,14.05,14.55,22960,SGT
2024-09-12,14.55,14.55,14.4,14.4,2252,SGT
2024-09-13,14.5,14.8,14.4,14.4,41011,SGT
2024-09-16,14.6,14.6,14.3,14.6,24102,SGT
2024-09-17,14.25,14.6,14.25,14.6,6602,SGT
2024-09-18,14.25,14.75,14.1,14.6,52501,SGT
2024-09-19,14.2,14.7,14.2,14.6,7416,SGT
2024-09-20,14.7,14.7,14.4,14.4,27000,SGT
2024-09-23,14.3,14.4,14.2,14.4,23037,SGT
2024-09-24,14.45,14.55,14.3,14.45,47811,SGT
2024-09-25,14.2,14.5,14.2,14.4,25428,SGT
2024-09-26,14.5,14.5,14.2,14.5,180411,SGT
2024-09-27,14.55,14.7,14.5,14.6,56668,SGT
2024-09-30,14.6,14.75,14.6,14.75,64355,SGT
2024-10-01,14.7,15,14.5,15,181628,SGT
2024-10-02,15,15.5,14.95,15,39149,SGT
2024-10-03,14.95,15.35,14.95,15.3,168728,SGT
2024-10-04,15,15.45,15,15.45,25716,SGT
2024-10-07,15.45,15.5,15,15.45,107354,SGT
2024-10-08,15.15,15.45,15.15,15.45,45671,SGT
2024-10-09,15.45,15.9,15.4,15.5,45153,SGT
2024-10-10,15.5,15.5,15.2,15.5,33200,SGT
2024-10-11,15.7,15.7,15.3,15.45,9950,SGT
2024-10-14,15.2,15.5,15,15.4,43673,SGT
2024-10-15,15.4,15.45,15,15.4,44917,SGT
2024-10-16,14.5,15.5,14.5,15,108401,SGT
2024-10-17,15.4,15.4,15,15.4,45101,SGT
2024-10-18,15,15.5,15,15.3,40136,SGT
2024-10-21,15,15.4,15,15.15,47301,SGT
2024-10-22,15,15.15,14.25,15.1,28001,SGT
2024-10-23,14.95,15,14.95,15,26508,SGT
2024-10-24,15.1,15.3,14.7,15.2,29600,SGT
2024-10-25,14.8,15.2,14.8,15.1,800,SGT
2024-10-28,15.2,15.2,14.5,15,8147,SGT
2024-10-29,14.55,15.6,14.55,15.3,15000,SGT
2024-10-30,15.1,15.3,14.85,14.85,17100,SGT
2024-10-31,15.2,15.2,14.6,15.1,7512,SGT
2024-11-01,14.7,15.4,14.65,15.4,64000,SGT
2024-11-04,15.35,15.45,15.25,15.3,26368,SGT
2024-11-05,15.2,15.2,14.8,15.1,12410,SGT
2024-11-06,14.3,15.15,14.3,15.1,46418,SGT
2024-11-07,15.1,15.15,14.8,14.95,30328,SGT
2024-11-08,15,15,14.55,14.9,30701,SGT
2024-11-11,14.7,15.9,14.7,15.5,244665,SGT
2024-11-12,15.9,15.95,15.5,15.75,81138,SGT
2024-11-13,15.8,15.8,15.1,15.6,52231,SGT
2024-11-14,15.5,15.5,15,15.1,41000,SGT
2024-11-15,15.1,15.3,14.5,15.1,37202,SGT
2024-11-18,15.1,15.1,14.5,14.6,48200,SGT
2024-11-19,14.8,14.8,14.4,14.4,52600,SGT
2024-11-20,14.25,14.85,14,14.5,17600,SGT
2024-11-21,14.8,14.8,14.5,14.65,27880,SGT
2024-11-22,14.7,14.7,14.2,14.65,14600,SGT
2024-11-25,14.65,14.8,14.2,14.7,17009,SGT
2024-11-26,14.8,14.85,14.8,14.8,16109,SGT
2024-11-27,15,15,14.8,14.85,46101,SGT
2024-11-28,14.85,15.05,14.6,15.05,41016,SGT
2024-11-29,15.3,15.6,15,15.1,139047,SGT
2024-12-02,15.1,15.1,14.7,15.05,4303,SGT
2024-12-03,15.05,15.05,14.65,14.95,80397,SGT
2024-12-04,14.75,14.85,14.75,14.8,81210,SGT
2024-12-05,14.8,14.9,13.95,14.8,100602,SGT
2024-12-06,14.8,14.8,14.7,14.8,11714,SGT
2024-12-09,14.8,14.85,14.6,14.8,80835,SGT
2024-12-10,14.7,14.8,14.7,14.8,29105,SGT
2024-12-11,14.8,14.9,14.7,14.8,43717,SGT
2024-12-12,14.7,14.85,14.55,14.6,85800,SGT
2024-12-13,14.6,14.8,14.55,14.7,33092,SGT
2024-12-16,14.5,15.15,14.45,15.15,48711,SGT
2024-12-17,15.3,16.2,14.6,16.2,263431,SGT
2024-12-18,16.5,17.2,16.5,16.8,253829,SGT
2024-12-19,17.5,17.5,16.2,16.95,114526,SGT
2024-12-20,17.2,17.2,15.8,16.75,141451,SGT
2024-12-23,16.2,16.95,16.2,16.65,78327,SGT
2024-12-24,16.35,16.75,16.35,16.65,43300,SGT
2024-12-25,16.4,16.8,16.4,16.65,90528,SGT
2024-12-26,16.3,17.3,16.3,17,92184,SGT
2024-12-27,17.2,17.4,16.9,17.3,60302,SGT
2024-12-30,17,18.5,17,18.5,274228,SGT
2024-12-31,18.5,18.5,17.25,17.25,249404,SGT
2025-01-02,17.25,17.7,16.05,17.2,113125,SGT
2025-01-03,16.35,17.2,16.3,16.9,82787,SGT
2025-01-06,17,17,16.7,16.9,63006,SGT
2025-01-07,16.8,17.65,16.8,17.25,91354,SGT
2025-01-08,17.45,17.5,17,17.4,36757,SGT
2025-01-09,17.7,18.3,17.5,17.95,133022,SGT
2025-01-10,17.95,18.2,17.6,18,50603,SGT
2025-01-13,18,18.2,17.65,18.05,103957,SGT
2025-01-14,18.2,19.3,18.2,18.9,270830,SGT
2025-01-15,18.9,19.1,18.65,19.1,78072,SGT
2025-01-16,18.7,19.2,18.7,19.05,80791,SGT
2025-01-17,18.3,19.8,18.3,19.5,189924,SGT
2025-01-20,19.1,20.1,19.1,19.75,175540,SGT
2025-01-21,19.95,19.95,19.45,19.8,110306,SGT
2025-01-22,19.7,20,19.55,19.9,85077,SGT
2025-01-23,19.95,20,19.55,19.9,54605,SGT
2025-01-24,20,20,19.55,19.85,96203,SGT
2025-02-03,20,21.2,20,20.45,218887,SGT
2025-02-04,21,21,20.25,20.4,86500,SGT
2025-02-05,19.5,20.5,19.5,20.05,66029,SGT
2025-02-06,20.05,20.85,20.05,20.75,271923,SGT
2025-02-07,20.1,21.6,20.1,20.75,50700,SGT
2025-02-10,20.1,20.8,20.1,20.75,30317,SGT
2025-02-11,20.8,20.8,20.15,20.7,56343,SGT
2025-02-12,20.75,22.1,20.4,20.4,81421,SGT
2025-02-13,20.2,20.9,20.15,20.9,61612,SGT
2025-02-14,21,21,20.5,20.9,59724,SGT
2025-02-17,21,21,20.7,21,81932,SGT
2025-02-18,20.95,22.15,20.9,21.05,54265,SGT
2025-02-19,21.45,21.45,20.45,21.35,41368,SGT
2025-02-20,21.3,21.3,20.4,20.7,98615,SGT
2025-02-21,20.65,20.7,19.9,20.55,100741,SGT
2025-02-24,20.5,20.5,19.9,19.9,37428,SGT
2025-02-25,20,20.4,19.85,20,49001,SGT
2025-02-26,20.4,20.4,19.9,20,31003,SGT
2025-02-27,20.1,20.55,19.95,20.55,73447,SGT
2025-02-28,20.7,20.7,19.5,20.3,155600,SGT
2025-03-03,20.1,20.35,19.6,20.25,55010,SGT
2025-03-04,20.2,20.2,19.6,20.2,38476,SGT
2025-03-05,20.25,20.25,19.7,20.1,53206,SGT
2025-03-06,20.05,20.2,19.8,20.1,29302,SGT
2025-03-07,20.1,20.25,19.8,20.05,58400,SGT
2025-03-10,19.95,20.05,19.45,19.7,118322,SGT
2025-03-11,19.6,19.7,19.4,19.5,91733,SGT
2025-03-12,19.6,19.8,19.5,19.5,39710,SGT
2025-03-13,19.5,19.8,19,19.15,93324,SGT
2025-03-14,19,19.1,18.5,18.95,40900,SGT
2025-03-17,19,19.1,18.75,19,62406,SGT
2025-03-18,19.15,20.2,19.15,19.85,45520,SGT
2025-03-19,19.85,20,19.7,20,7300,SGT
2025-03-20,19.05,19.95,19.05,19.8,38801,SGT
2025-03-21,19.5,20,19.5,20,5000,SGT
2025-03-24,19.95,20.05,19.5,19.65,70321,SGT
2025-03-25,19.6,19.8,19.6,19.8,57324,SGT
2025-03-26,19.8,20.45,19.6,19.95,12620,SGT
2025-03-27,20,20,19.95,19.95,2310,SGT
2025-03-28,19.7,19.9,19.2,19.45,45740,SGT
2025-03-31,19.5,20,19.45,20,117300,SGT
2025-04-01,20,20.05,19.3,19.95,27601,SGT
2025-04-02,19.3,19.95,19.3,19.8,20200,SGT
2025-04-03,18.45,19.4,18.45,18.45,137000,SGT
2025-04-04,17.2,18.8,17.2,18.5,391701,SGT
2025-04-08,17.25,17.25,17.25,17.25,18708,SGT
2025-04-09,16.05,17.25,16.05,16.05,125416,SGT
2025-04-10,17.1,17.15,17,17.15,460200,SGT
2025-04-11,17.5,17.5,15.95,16.9,82608,SGT
2025-04-14,17.45,17.45,15.75,17,107077,SGT
2025-04-15,16,16.85,15.85,16.45,251266,SGT
2025-04-16,16.4,16.45,15.4,15.95,37353,SGT
2025-04-17,15.05,16,15,15.95,33632,SGT
2025-04-18,15.9,16.25,15.9,16.15,41807,SGT
2025-04-21,16.15,16.5,15.55,16.1,34543,SGT
2025-04-22,15.4,15.8,15,15.7,179000,SGT
2025-04-23,15.55,15.85,15.55,15.75,23700,SGT
2025-04-24,15.75,16.3,15.6,16,35575,SGT
2025-04-25,16,16.5,15.8,16.4,86328,SGT
2025-04-28,16.5,17,16.4,16.7,35323,SGT
2025-04-29,16.4,16.9,16.4,16.65,16045,SGT
2025-05-05,16.6,17.5,16.6,17.2,172481,SGT
2025-05-06,17.9,18.2,17.65,18.05,202339,SGT
2025-05-07,18.2,18.2,17.2,17.7,87975,SGT
2025-05-08,17.7,17.9,17.6,17.8,65676,SGT
2025-05-09,18.05,18.05,17.35,17.75,75504,SGT
2025-05-12,17.9,17.9,17.55,17.65,51492,SGT
2025-05-13,17.8,18.5,17.6,18.5,162962,SGT
2025-05-14,18.5,18.5,17.9,18.35,108198,SGT
2025-05-15,18.15,18.4,17.9,18.1,105553,SGT
2025-05-16,18.05,18.05,17.7,17.8,110631,SGT
2025-05-19,17.4,18,17.4,17.8,48171,SGT
2025-05-20,17.7,18,17.55,17.9,35330,SGT
2025-05-21,18,18,17.5,17.7,109403,SGT
2025-05-22,17.5,17.7,17.2,17.6,94219,SGT
2025-05-23,17.6,17.9,17.1,17.8,105102,SGT
2025-05-26,17.5,18.3,17.25,18.1,127459,SGT
2025-05-27,18,18.2,17.6,18.1,64837,SGT
2025-05-28,18.05,18.3,17.55,18.1,53300,SGT
2025-05-29,17.7,18.5,17.7,18.25,182200,SGT
2025-05-30,18.25,18.35,17.6,18.2,169028,SGT
2025-06-02,17.7,18.4,17.7,18.3,93946,SGT
2025-06-03,17.9,18.7,17.9,18.2,90455,SGT
2025-06-04,18.2,18.3,18,18,73602,SGT
2025-06-05,18,18.3,17.75,17.9,70520,SGT
2025-06-06,17.75,18,17.45,17.95,183600,SGT
2025-06-09,17.8,17.95,17.5,17.85,22904,SGT
2025-06-10,17.5,18.1,17.5,18,108327,SGT
2025-06-11,17.75,18.25,17.7,18,55758,SGT
2025-06-12,18,18.05,17.75,18,62400,SGT
2025-06-13,17.5,17.95,17.35,17.8,115001,SGT
2025-06-16,17.65,17.95,17.4,17.8,32002,SGT
2025-06-17,17.5,17.9,17.4,17.8,17159,SGT
2025-06-18,17.75,17.75,17.45,17.65,109508,SGT
2025-06-19,17.65,17.65,17.45,17.6,5401,SGT
2025-06-20,17.4,17.6,17.35,17.6,34747,SGT
2025-06-23,17.5,17.6,16.4,17.6,81000,SGT
2025-06-24,17.55,17.8,17.25,17.55,69700,SGT
2025-06-25,17.7,17.7,17.2,17.5,16546,SGT
2025-06-26,17.15,17.5,17.15,17.5,9021,SGT
2025-06-27,17.25,17.5,17.25,17.5,35720,SGT
2025-06-30,17.15,17.65,17.1,17.5,70136,SGT
2025-07-01,17.3,17.55,17,17.5,119447,SGT
2025-07-02,17.8,17.8,17.35,17.45,28755,SGT
2025-07-03,17.35,17.6,17.05,17.6,129627,SGT
2025-07-04,17.1,17.9,17.1,17.85,86017,SGT
2025-07-07,17.75,17.9,17.7,17.85,128722,SGT
2025-07-08,17.5,18,17.5,17.95,162376,SGT
2025-07-09,17.9,18,17.7,17.9,129405,SGT
2025-07-10,17.9,17.95,17.75,17.9,54386,SGT
2025-07-11,17.9,18,17.3,17.75,105400,SGT
2025-07-14,17.75,17.85,17.35,17.8,44407,SGT
2025-07-15,17.8,17.8,17.45,17.45,60044,SGT
2025-07-16,17.3,17.6,17.3,17.5,33005,SGT
2025-07-17,17.25,17.6,17.25,17.35,95667,SGT
2025-07-18,16.8,17.4,16.8,17.05,97254,SGT
2025-07-21,17.15,17.45,17,17.15,32953,SGT
2025-07-22,17.25,17.3,16.9,17.1,42700,SGT
2025-07-23,17.25,17.25,17,17.1,48697,SGT
2025-07-24,17,17.2,16.9,17.2,90866,SGT
2025-07-25,17.25,17.25,16.85,17,89451,SGT
2025-07-28,17,17,16.85,17,75024,SGT
2025-07-29,17,17,16.5,16.9,116987,SGT
2025-07-30,16.6,16.95,16.45,16.9,62204,SGT
2025-07-31,17,17.7,16.9,17.6,186953,SGT
2025-08-01,17.7,17.7,17,17.15,88558,SGT
2025-08-04,16.85,17.2,16.8,17.15,141670,SGT
2025-08-05,17.15,17.8,16.95,16.95,175066,SGT
2025-08-06,16.95,17.5,16.8,17.1,72242,SGT
2025-08-07,17.2,17.2,16.9,16.9,39035,SGT
2025-08-08,16.9,17,16.6,16.65,146022,SGT
2025-08-11,16.65,17.4,16.65,17.1,105410,SGT
2025-08-12,17.1,17.4,16.8,17.2,139085,SGT
2025-08-13,17.3,18.4,17.25,18.4,377822,SGT
2025-08-14,18.6,19.3,18.6,19,214461,SGT
2025-08-15,18.55,19,18.05,18.15,152517,SGT
2025-08-18,18.15,18.9,18.15,18.75,168660,SGT
2025-08-19,18.75,19.3,18.75,18.85,196274,SGT
2025-08-20,18.85,18.85,18.05,18.8,91031,SGT
2025-08-21,18.45,18.8,18.1,18.7,104118,SGT
2025-08-22,19,19,17.9,18.65,130728,SGT
2025-08-25,18.7,18.7,18,18.4,38630,SGT
2025-08-26,18,18.5,18,18.4,54801,SGT
2025-08-27,18.75,18.75,18.1,18.1,18410,SGT
2025-08-28,18.4,18.7,18,18.2,49132,SGT
2025-08-29,18.6,18.6,17.9,18.1,71270,SGT
